name,project_urls,comm_id
Keras,https://pypi.org/project/Keras/,0
keras-model-specs,https://pypi.org/project/keras-model-specs/,0
simphony,https://pypi.org/project/simphony/,0
adversarial-robustness-toolbox,https://pypi.org/project/adversarial-robustness-toolbox/,0
stellargraph,https://pypi.org/project/stellargraph/,0
keras-metrics,https://pypi.org/project/keras-metrics/,0
deepsegment,https://pypi.org/project/deepsegment/,0
seqtag-keras,https://pypi.org/project/seqtag-keras/,0
tensorflow-serving-client,https://pypi.org/project/tensorflow-serving-client/,0
russtress,https://pypi.org/project/russtress/,0
proviso,https://pypi.org/project/proviso/,0
keras-tqdm,https://pypi.org/project/keras-tqdm/,0
SiPANN,https://pypi.org/project/SiPANN/,0
xDNN-classifier,https://pypi.org/project/xDNN-classifier/,0
text-gen,https://pypi.org/project/text-gen/,0
stonkgs,https://pypi.org/project/stonkgs/,0
spacy-combo,https://pypi.org/project/spacy-combo/,0
sizif,https://pypi.org/project/sizif/,0
ru-accent-poet,https://pypi.org/project/ru-accent-poet/,0
roby,https://pypi.org/project/roby/,0
reorientexpress,https://pypi.org/project/reorientexpress/,0
qrmine,https://pypi.org/project/qrmine/,0
pynorm,https://pypi.org/project/pynorm/,0
pyleafarea,https://pypi.org/project/pyleafarea/,0
pyhumour,https://pypi.org/project/pyhumour/,0
pyCeterisParibus,https://pypi.org/project/pyCeterisParibus/,0
py-agender,https://pypi.org/project/py-agender/,0
propythia,https://pypi.org/project/propythia/,0
processdigit,https://pypi.org/project/processdigit/,0
poreplex,https://pypi.org/project/poreplex/,0
picasso-viz,https://pypi.org/project/picasso-viz/,0
panoptes-he,https://pypi.org/project/panoptes-he/,0
nwae,https://pypi.org/project/nwae/,0
numeraicb,https://pypi.org/project/numeraicb/,0
nomeroff-net-test,https://pypi.org/project/nomeroff-net-test/,0
nomeroff-net-gpu,https://pypi.org/project/nomeroff-net-gpu/,0
nomeroff-net,https://pypi.org/project/nomeroff-net/,0
nlp-xiaojiang,https://pypi.org/project/nlp-xiaojiang/,0
neurol,https://pypi.org/project/neurol/,0
n2d,https://pypi.org/project/n2d/,0
musicalrobot,https://pypi.org/project/musicalrobot/,0
mrainet,https://pypi.org/project/mrainet/,0
model-converters,https://pypi.org/project/model-converters/,0
mly,https://pypi.org/project/mly/,0
miscnn,https://pypi.org/project/miscnn/,0
mcfly,https://pypi.org/project/mcfly/,0
lpdr,https://pypi.org/project/lpdr/,0
lidtk,https://pypi.org/project/lidtk/,0
libtlda,https://pypi.org/project/libtlda/,0
lemay-ai-sidecar,https://pypi.org/project/lemay-ai-sidecar/,0
lecture-transcriber,https://pypi.org/project/lecture-transcriber/,0
lauetoolsnn,https://pypi.org/project/lauetoolsnn/,0
keras-trainer,https://pypi.org/project/keras-trainer/,0
keras-pyramid-pooling-module,https://pypi.org/project/keras-pyramid-pooling-module/,0
keras-mri,https://pypi.org/project/keras-mri/,0
keras-hist-graph,https://pypi.org/project/keras-hist-graph/,0
keras-eval,https://pypi.org/project/keras-eval/,0
keras-bucket-tensorboard-callback,https://pypi.org/project/keras-bucket-tensorboard-callback/,0
keras-adversarial,https://pypi.org/project/keras-adversarial/,0
inductiveGRL,https://pypi.org/project/inductiveGRL/,0
imagegengan,https://pypi.org/project/imagegengan/,0
imageatm,https://pypi.org/project/imageatm/,0
image-keras,https://pypi.org/project/image-keras/,0
hforl,https://pypi.org/project/hforl/,0
greenotyper,https://pypi.org/project/greenotyper/,0
gravityspy,https://pypi.org/project/gravityspy/,0
gordo-components,https://pypi.org/project/gordo-components/,0
gemben,https://pypi.org/project/gemben/,0
gdslib,https://pypi.org/project/gdslib/,0
flask-image-search,https://pypi.org/project/flask-image-search/,0
ethnicolr,https://pypi.org/project/ethnicolr/,0
emepy,https://pypi.org/project/emepy/,0
dynamicgem,https://pypi.org/project/dynamicgem/,0
dltkai,https://pypi.org/project/dltkai/,0
dlf-nova-play-my-own-music,https://pypi.org/project/dlf-nova-play-my-own-music/,0
deepcheck,https://pypi.org/project/deepcheck/,0
coolstuff,https://pypi.org/project/coolstuff/,0
categorical-embedder,https://pypi.org/project/categorical-embedder/,0
bella-tdsa,https://pypi.org/project/bella-tdsa/,0
backtraderbd,https://pypi.org/project/backtraderbd/,0
autovul,https://pypi.org/project/autovul/,0
armcor,https://pypi.org/project/armcor/,0
anomaly-detection-models,https://pypi.org/project/anomaly-detection-models/,0
anomaly-detection-framework,https://pypi.org/project/anomaly-detection-framework/,0
altena,https://pypi.org/project/altena/,0
WHU-ScoreChecker,https://pypi.org/project/WHU-ScoreChecker/,0
SubBrainSegment,https://pypi.org/project/SubBrainSegment/,0
PLANBERT,https://pypi.org/project/PLANBERT/,0
Orange3-MNE,https://pypi.org/project/Orange3-MNE/,0
Orange-3-MNE-Widgets,https://pypi.org/project/Orange-3-MNE-Widgets/,0
GhalatML,https://pypi.org/project/GhalatML/,0
GML,https://pypi.org/project/GML/,0
CAD-Recognition,https://pypi.org/project/CAD-Recognition/,0
tensorflow-probability,https://pypi.org/project/tensorflow-probability/,1
mlagents,https://pypi.org/project/mlagents/,1
dopamine-rl,https://pypi.org/project/dopamine-rl/,1
tensor2tensor,https://pypi.org/project/tensor2tensor/,1
mesh-tensorflow,https://pypi.org/project/mesh-tensorflow/,1
magenta,https://pypi.org/project/magenta/,1
kfac,https://pypi.org/project/kfac/,1
tf-siren,https://pypi.org/project/tf-siren/,1
phasespace,https://pypi.org/project/phasespace/,1
mathy,https://pypi.org/project/mathy/,1
magenta-gpu,https://pypi.org/project/magenta-gpu/,1
deephyper,https://pypi.org/project/deephyper/,1
cleverhans,https://pypi.org/project/cleverhans/,1
batchglm,https://pypi.org/project/batchglm/,1
ukuxhumana,https://pypi.org/project/ukuxhumana/,1
twodlearn,https://pypi.org/project/twodlearn/,1
topicpy,https://pypi.org/project/topicpy/,1
tfmpc,https://pypi.org/project/tfmpc/,1
tensorwaves,https://pypi.org/project/tensorwaves/,1
tensorflow-wavelets,https://pypi.org/project/tensorflow-wavelets/,1
tensordiffeq,https://pypi.org/project/tensordiffeq/,1
tensor2tensorManuel,https://pypi.org/project/tensor2tensorManuel/,1
spnflow,https://pypi.org/project/spnflow/,1
scrinet,https://pypi.org/project/scrinet/,1
scivae,https://pypi.org/project/scivae/,1
scCODA,https://pypi.org/project/scCODA/,1
rosey-keras,https://pypi.org/project/rosey-keras/,1
rl-toolkit,https://pypi.org/project/rl-toolkit/,1
recsim-ng,https://pypi.org/project/recsim-ng/,1
recsim,https://pypi.org/project/recsim/,1
reaver,https://pypi.org/project/reaver/,1
psiz,https://pypi.org/project/psiz/,1
polymuse-future,https://pypi.org/project/polymuse-future/,1
polymuse,https://pypi.org/project/polymuse/,1
poisson-CNN,https://pypi.org/project/poisson-CNN/,1
pl-nightly,https://pypi.org/project/pl-nightly/,1
perceptilabs-gpu,https://pypi.org/project/perceptilabs-gpu/,1
perceptilabs,https://pypi.org/project/perceptilabs/,1
numpyro-ncx2,https://pypi.org/project/numpyro-ncx2/,1
nsc,https://pypi.org/project/nsc/,1
not-tf-opt,https://pypi.org/project/not-tf-opt/,1
ml-ocean-bl,https://pypi.org/project/ml-ocean-bl/,1
mathy-alpha-sm,https://pypi.org/project/mathy-alpha-sm/,1
ismlldataset,https://pypi.org/project/ismlldataset/,1
gym-unity,https://pypi.org/project/gym-unity/,1
genie-parser,https://pypi.org/project/genie-parser/,1
dvm,https://pypi.org/project/dvm/,1
dnnmodels,https://pypi.org/project/dnnmodels/,1
disentanglement-lib,https://pypi.org/project/disentanglement-lib/,1
diffxpy,https://pypi.org/project/diffxpy/,1
description2process,https://pypi.org/project/description2process/,1
deepspace,https://pypi.org/project/deepspace/,1
deepof,https://pypi.org/project/deepof/,1
deepbayes,https://pypi.org/project/deepbayes/,1
cadl,https://pypi.org/project/cadl/,1
bpnet-lite,https://pypi.org/project/bpnet-lite/,1
b4tf,https://pypi.org/project/b4tf/,1
augmix-tf,https://pypi.org/project/augmix-tf/,1
attention-tensorflow-mesh,https://pypi.org/project/attention-tensorflow-mesh/,1
antspynet,https://pypi.org/project/antspynet/,1
animalai-train,https://pypi.org/project/animalai-train/,1
aidatafactory,https://pypi.org/project/aidatafactory/,1
PyTransdec,https://pypi.org/project/PyTransdec/,1
ESEm,https://pypi.org/project/ESEm/,1
BPrune,https://pypi.org/project/BPrune/,1
tensorflow-text,https://pypi.org/project/tensorflow-text/,2
tf-models-official,https://pypi.org/project/tf-models-official/,2
tensorflow-io,https://pypi.org/project/tensorflow-io/,2
seqio,https://pypi.org/project/seqio/,2
t5,https://pypi.org/project/t5/,2
file-io,https://pypi.org/project/file-io/,2
ivystar,https://pypi.org/project/ivystar/,2
tfkbnufft,https://pypi.org/project/tfkbnufft/,2
tensorflow-nufft,https://pypi.org/project/tensorflow-nufft/,2
tensorflow-graphics,https://pypi.org/project/tensorflow-graphics/,2
spacy-universal-sentence-encoder,https://pypi.org/project/spacy-universal-sentence-encoder/,2
bavard-ml-common,https://pypi.org/project/bavard-ml-common/,2
whatlies,https://pypi.org/project/whatlies/,2
uncertainty-baselines,https://pypi.org/project/uncertainty-baselines/,2
trax,https://pypi.org/project/trax/,2
top2vec,https://pypi.org/project/top2vec/,2
tfdsio,https://pypi.org/project/tfdsio/,2
tf2-tensorflow-object-detection-api,https://pypi.org/project/tf2-tensorflow-object-detection-api/,2
tf-fastmri-data,https://pypi.org/project/tf-fastmri-data/,2
tensorflow-mri,https://pypi.org/project/tensorflow-mri/,2
tensorflow-deploy-utils,https://pypi.org/project/tensorflow-deploy-utils/,2
spectrogram-to-audio,https://pypi.org/project/spectrogram-to-audio/,2
sknlp,https://pypi.org/project/sknlp/,2
ringkasan,https://pypi.org/project/ringkasan/,2
renn,https://pypi.org/project/renn/,2
pypdf-lib,https://pypi.org/project/pypdf-lib/,2
prognosais,https://pypi.org/project/prognosais/,2
picsellia-tf2,https://pypi.org/project/picsellia-tf2/,2
obfuscated-convo-new-version-abdo,https://pypi.org/project/obfuscated-convo-new-version-abdo/,2
ml4ir,https://pypi.org/project/ml4ir/,2
minapipe1,https://pypi.org/project/minapipe1/,2
minapipe,https://pypi.org/project/minapipe/,2
minapip1,https://pypi.org/project/minapip1/,2
maupassant,https://pypi.org/project/maupassant/,2
malaya-gpu,https://pypi.org/project/malaya-gpu/,2
kagemeka,https://pypi.org/project/kagemeka/,2
fintix-modelcurator,https://pypi.org/project/fintix-modelcurator/,2
fedlearner,https://pypi.org/project/fedlearner/,2
easy-tensorflow-object-detection-api,https://pypi.org/project/easy-tensorflow-object-detection-api/,2
deep-autoviml,https://pypi.org/project/deep-autoviml/,2
credentialdigger,https://pypi.org/project/credentialdigger/,2
convo-tt,https://pypi.org/project/convo-tt/,2
convo-nlu2,https://pypi.org/project/convo-nlu2/,2
convo-nlu-v2,https://pypi.org/project/convo-nlu-v2/,2
convo-nlu,https://pypi.org/project/convo-nlu/,2
convo-nl2,https://pypi.org/project/convo-nl2/,2
convo-new-version-abdo,https://pypi.org/project/convo-new-version-abdo/,2
convo-n2,https://pypi.org/project/convo-n2/,2
convo-latest,https://pypi.org/project/convo-latest/,2
convo-engine,https://pypi.org/project/convo-engine/,2
convo-NLU2,https://pypi.org/project/convo-NLU2/,2
conversational-sentence-encoder,https://pypi.org/project/conversational-sentence-encoder/,2
bert-text-summarizer,https://pypi.org/project/bert-text-summarizer/,2
beir,https://pypi.org/project/beir/,2
bavard-nlu,https://pypi.org/project/bavard-nlu/,2
bavard,https://pypi.org/project/bavard/,2
auger.ai.predict,https://pypi.org/project/auger.ai.predict/,2
abdoconvo,https://pypi.org/project/abdoconvo/,2
abdo-obfuscate,https://pypi.org/project/abdo-obfuscate/,2
abdo,https://pypi.org/project/abdo/,2
abdelrahman-obfuscate,https://pypi.org/project/abdelrahman-obfuscate/,2
TensorFlowASR,https://pypi.org/project/TensorFlowASR/,2
Fern2,https://pypi.org/project/Fern2/,2
streamlit,https://pypi.org/project/streamlit/,3
iglovikov-helper-functions,https://pypi.org/project/iglovikov-helper-functions/,3
hyperactive,https://pypi.org/project/hyperactive/,3
catalyst,https://pypi.org/project/catalyst/,3
guang,https://pypi.org/project/guang/,3
DockerENT,https://pypi.org/project/DockerENT/,3
zangorth-helpers,https://pypi.org/project/zangorth-helpers/,3
streamlit-pydantic,https://pypi.org/project/streamlit-pydantic/,3
pandaslearn,https://pypi.org/project/pandaslearn/,3
ms2deepscore,https://pypi.org/project/ms2deepscore/,3
zangorth-streamlit,https://pypi.org/project/zangorth-streamlit/,3
zangorth-ramsey,https://pypi.org/project/zangorth-ramsey/,3
tuneflow,https://pypi.org/project/tuneflow/,3
tf-semantic-segmentation,https://pypi.org/project/tf-semantic-segmentation/,3
sysxtract,https://pypi.org/project/sysxtract/,3
syncnote,https://pypi.org/project/syncnote/,3
sugartime,https://pypi.org/project/sugartime/,3
streamlitlearn,https://pypi.org/project/streamlitlearn/,3
streamlit-analytics,https://pypi.org/project/streamlit-analytics/,3
streambook,https://pypi.org/project/streambook/,3
retinaface-pytorch,https://pypi.org/project/retinaface-pytorch/,3
raylab,https://pypi.org/project/raylab/,3
pymedphys,https://pypi.org/project/pymedphys/,3
pydemic-ui,https://pypi.org/project/pydemic-ui/,3
people-segmentation,https://pypi.org/project/people-segmentation/,3
opyrator,https://pypi.org/project/opyrator/,3
optimization-dashboard,https://pypi.org/project/optimization-dashboard/,3
neuronunitopt,https://pypi.org/project/neuronunitopt/,3
netspeedmonitor,https://pypi.org/project/netspeedmonitor/,3
msexpert,https://pypi.org/project/msexpert/,3
ms2query,https://pypi.org/project/ms2query/,3
ml-idm,https://pypi.org/project/ml-idm/,3
midv500models,https://pypi.org/project/midv500models/,3
meta-optimize,https://pypi.org/project/meta-optimize/,3
memery,https://pypi.org/project/memery/,3
hyperplotlib,https://pypi.org/project/hyperplotlib/,3
hypermemory,https://pypi.org/project/hypermemory/,3
helloworldrm,https://pypi.org/project/helloworldrm/,3
grants-tagger,https://pypi.org/project/grants-tagger/,3
gplot,https://pypi.org/project/gplot/,3
front,https://pypi.org/project/front/,3
fancylit,https://pypi.org/project/fancylit/,3
espec,https://pypi.org/project/espec/,3
ersilia,https://pypi.org/project/ersilia/,3
emailme,https://pypi.org/project/emailme/,3
dnn-cool,https://pypi.org/project/dnn-cool/,3
dieterpy,https://pypi.org/project/dieterpy/,3
dashes3,https://pypi.org/project/dashes3/,3
dashes2,https://pypi.org/project/dashes2/,3
dashes,https://pypi.org/project/dashes/,3
cloths-segmentation,https://pypi.org/project/cloths-segmentation/,3
check-orientation,https://pypi.org/project/check-orientation/,3
appzoo,https://pypi.org/project/appzoo/,3
allennlp-datalawyer,https://pypi.org/project/allennlp-datalawyer/,3
acv-exp,https://pypi.org/project/acv-exp/,3
abstcal,https://pypi.org/project/abstcal/,3
PALS-pathway,https://pypi.org/project/PALS-pathway/,3
NaMAZU,https://pypi.org/project/NaMAZU/,3
tensorflow-addons,https://pypi.org/project/tensorflow-addons/,4
zfit,https://pypi.org/project/zfit/,4
tensorflow-federated,https://pypi.org/project/tensorflow-federated/,4
calamari-ocr,https://pypi.org/project/calamari-ocr/,4
keras-tcn,https://pypi.org/project/keras-tcn/,4
tfaip,https://pypi.org/project/tfaip/,4
adabelief-tf,https://pypi.org/project/adabelief-tf/,4
tfnlu,https://pypi.org/project/tfnlu/,4
tf-keras-vis,https://pypi.org/project/tf-keras-vis/,4
onnx-tf,https://pypi.org/project/onnx-tf/,4
OpenNMT-tf,https://pypi.org/project/OpenNMT-tf/,4
zh-rasa,https://pypi.org/project/zh-rasa/,4
zfit-physics,https://pypi.org/project/zfit-physics/,4
xiRT,https://pypi.org/project/xiRT/,4
vit-keras,https://pypi.org/project/vit-keras/,4
utranslate,https://pypi.org/project/utranslate/,4
ultrayolo,https://pypi.org/project/ultrayolo/,4
tuning,https://pypi.org/project/tuning/,4
tfbert,https://pypi.org/project/tfbert/,4
tfaug,https://pypi.org/project/tfaug/,4
tf-yolov4,https://pypi.org/project/tf-yolov4/,4
tf-hourglass-networks,https://pypi.org/project/tf-hourglass-networks/,4
taug,https://pypi.org/project/taug/,4
protein-bert,https://pypi.org/project/protein-bert/,4
ocrd-cis,https://pypi.org/project/ocrd-cis/,4
ocrd-calamari,https://pypi.org/project/ocrd-calamari/,4
nnabla-converter,https://pypi.org/project/nnabla-converter/,4
nebulae,https://pypi.org/project/nebulae/,4
nashi-ocr,https://pypi.org/project/nashi-ocr/,4
mzfit,https://pypi.org/project/mzfit/,4
murre,https://pypi.org/project/murre/,4
lauztat,https://pypi.org/project/lauztat/,4
langma,https://pypi.org/project/langma/,4
kgcnn,https://pypi.org/project/kgcnn/,4
keras-cv-attention-models,https://pypi.org/project/keras-cv-attention-models/,4
kayra,https://pypi.org/project/kayra/,4
inn,https://pypi.org/project/inn/,4
gans2,https://pypi.org/project/gans2/,4
ganpy,https://pypi.org/project/ganpy/,4
ganondorf,https://pypi.org/project/ganondorf/,4
fedjax,https://pypi.org/project/fedjax/,4
extract-sfm,https://pypi.org/project/extract-sfm/,4
dienen,https://pypi.org/project/dienen/,4
deeptrack,https://pypi.org/project/deeptrack/,4
deepflash2,https://pypi.org/project/deepflash2/,4
deep-kolibri,https://pypi.org/project/deep-kolibri/,4
convoxxx,https://pypi.org/project/convoxxx/,4
convo7,https://pypi.org/project/convo7/,4
convo6,https://pypi.org/project/convo6/,4
convo5,https://pypi.org/project/convo5/,4
chitra,https://pypi.org/project/chitra/,4
bert-multitask-learning,https://pypi.org/project/bert-multitask-learning/,4
atlalign,https://pypi.org/project/atlalign/,4
astrorapid,https://pypi.org/project/astrorapid/,4
aicmder,https://pypi.org/project/aicmder/,4
FQCS,https://pypi.org/project/FQCS/,4
DeepNN,https://pypi.org/project/DeepNN/,4
ADLStream,https://pypi.org/project/ADLStream/,4
seqeval,https://pypi.org/project/seqeval/,5
musket-core,https://pypi.org/project/musket-core/,5
paddlenlp,https://pypi.org/project/paddlenlp/,5
tf2crf,https://pypi.org/project/tf2crf/,5
chatspace,https://pypi.org/project/chatspace/,5
paddlehub,https://pypi.org/project/paddlehub/,5
farm,https://pypi.org/project/farm/,5
urduhack,https://pypi.org/project/urduhack/,5
treform,https://pypi.org/project/treform/,5
transformers-keras,https://pypi.org/project/transformers-keras/,5
segmentation-pipeline,https://pypi.org/project/segmentation-pipeline/,5
paddlex,https://pypi.org/project/paddlex/,5
nlp-nn,https://pypi.org/project/nlp-nn/,5
musket-text,https://pypi.org/project/musket-text/,5
farm-haystack,https://pypi.org/project/farm-haystack/,5
classification-pipeline,https://pypi.org/project/classification-pipeline/,5
anago,https://pypi.org/project/anago/,5
yonlu,https://pypi.org/project/yonlu/,5
x-tagger,https://pypi.org/project/x-tagger/,5
transquest,https://pypi.org/project/transquest/,5
sikufenci,https://pypi.org/project/sikufenci/,5
pyabsa,https://pypi.org/project/pyabsa/,5
poros,https://pypi.org/project/poros/,5
paddlexrest,https://pypi.org/project/paddlexrest/,5
paddlefsl,https://pypi.org/project/paddlefsl/,5
ohmeow-blurr,https://pypi.org/project/ohmeow-blurr/,5
nmatheg,https://pypi.org/project/nmatheg/,5
nlp-basictasks,https://pypi.org/project/nlp-basictasks/,5
nlp-architect,https://pypi.org/project/nlp-architect/,5
neraug,https://pypi.org/project/neraug/,5
musket-ml,https://pypi.org/project/musket-ml/,5
mudes,https://pypi.org/project/mudes/,5
langml,https://pypi.org/project/langml/,5
keras-crf,https://pypi.org/project/keras-crf/,5
kashgari,https://pypi.org/project/kashgari/,5
interpret-eval,https://pypi.org/project/interpret-eval/,5
indo-arabic-transliteration,https://pypi.org/project/indo-arabic-transliteration/,5
fast-bert,https://pypi.org/project/fast-bert/,5
fancy-nlp,https://pypi.org/project/fancy-nlp/,5
explainaboard,https://pypi.org/project/explainaboard/,5
eaas,https://pypi.org/project/eaas/,5
dltkdl,https://pypi.org/project/dltkdl/,5
delta-nlp,https://pypi.org/project/delta-nlp/,5
deepse,https://pypi.org/project/deepse/,5
deepoffense,https://pypi.org/project/deepoffense/,5
daluke,https://pypi.org/project/daluke/,5
claf,https://pypi.org/project/claf/,5
chatchecker,https://pypi.org/project/chatchecker/,5
bpnlp,https://pypi.org/project/bpnlp/,5
auto-query-cluster,https://pypi.org/project/auto-query-cluster/,5
arkab,https://pypi.org/project/arkab/,5
anago-py367,https://pypi.org/project/anago-py367/,5
PyABSA,https://pypi.org/project/PyABSA/,5
DeBERTa,https://pypi.org/project/DeBERTa/,5
DLTKDL,https://pypi.org/project/DLTKDL/,5
tensorflow-serving-api,https://pypi.org/project/tensorflow-serving-api/,6
keras-tuner,https://pypi.org/project/keras-tuner/,6
tensorflow-transform,https://pypi.org/project/tensorflow-transform/,6
tfx-bsl,https://pypi.org/project/tfx-bsl/,6
tensorflow-model-analysis,https://pypi.org/project/tensorflow-model-analysis/,6
tensorflow-data-validation,https://pypi.org/project/tensorflow-data-validation/,6
tensorflow-cloud,https://pypi.org/project/tensorflow-cloud/,6
ml-metadata,https://pypi.org/project/ml-metadata/,6
autokeras,https://pypi.org/project/autokeras/,6
witwidget,https://pypi.org/project/witwidget/,6
tfx,https://pypi.org/project/tfx/,6
tensorflow-ranking,https://pypi.org/project/tensorflow-ranking/,6
fathom-lib,https://pypi.org/project/fathom-lib/,6
yulong-tfx,https://pypi.org/project/yulong-tfx/,6
wyljpn-tfx,https://pypi.org/project/wyljpn-tfx/,6
wyl-tfx,https://pypi.org/project/wyl-tfx/,6
waseda-tfx,https://pypi.org/project/waseda-tfx/,6
tfrecorder,https://pypi.org/project/tfrecorder/,6
tensorflow-model-remediation,https://pypi.org/project/tensorflow-model-remediation/,6
tensorflow-enterprise-addons,https://pypi.org/project/tensorflow-enterprise-addons/,6
tensorflow-auto,https://pypi.org/project/tensorflow-auto/,6
tensorboard-plugin-fairness-indicators,https://pypi.org/project/tensorboard-plugin-fairness-indicators/,6
salure-tfx-extensions,https://pypi.org/project/salure-tfx-extensions/,6
rflow-tfx,https://pypi.org/project/rflow-tfx/,6
racket,https://pypi.org/project/racket/,6
nudeclient,https://pypi.org/project/nudeclient/,6
model-card-toolkit,https://pypi.org/project/model-card-toolkit/,6
model-card,https://pypi.org/project/model-card/,6
mlmd-dataset-management,https://pypi.org/project/mlmd-dataset-management/,6
loganary-ranking,https://pypi.org/project/loganary-ranking/,6
levatas-alira,https://pypi.org/project/levatas-alira/,6
kubeflow-kale,https://pypi.org/project/kubeflow-kale/,6
kerastuner-tensorboard-logger,https://pypi.org/project/kerastuner-tensorboard-logger/,6
igel,https://pypi.org/project/igel/,6
gabrieltool,https://pypi.org/project/gabrieltool/,6
frapi,https://pypi.org/project/frapi/,6
fairness-indicators,https://pypi.org/project/fairness-indicators/,6
data-class-detection,https://pypi.org/project/data-class-detection/,6
das,https://pypi.org/project/das/,6
commented-out-code,https://pypi.org/project/commented-out-code/,6
capreolus,https://pypi.org/project/capreolus/,6
blobcity,https://pypi.org/project/blobcity/,6
auto-tensorflow,https://pypi.org/project/auto-tensorflow/,6
auto-ml-cl,https://pypi.org/project/auto-ml-cl/,6
alira,https://pypi.org/project/alira/,6
ailab-lite,https://pypi.org/project/ailab-lite/,6
RackioAI,https://pypi.org/project/RackioAI/,6
MLAC,https://pypi.org/project/MLAC/,6
onnxmltools,https://pypi.org/project/onnxmltools/,7
tensorflowjs,https://pypi.org/project/tensorflowjs/,7
azureml-automl-runtime,https://pypi.org/project/azureml-automl-runtime/,7
keras2onnx,https://pypi.org/project/keras2onnx/,7
azureml-train-automl-runtime,https://pypi.org/project/azureml-train-automl-runtime/,7
deepctr,https://pypi.org/project/deepctr/,7
azureml-automl-core,https://pypi.org/project/azureml-automl-core/,7
libra,https://pypi.org/project/libra/,7
azureml-train-automl,https://pypi.org/project/azureml-train-automl/,7
winmltools,https://pypi.org/project/winmltools/,7
tflite-model-maker,https://pypi.org/project/tflite-model-maker/,7
tfjs-graph-converter,https://pypi.org/project/tfjs-graph-converter/,7
tensorspacejs,https://pypi.org/project/tensorspacejs/,7
sonusai,https://pypi.org/project/sonusai/,7
perfect-information-game,https://pypi.org/project/perfect-information-game/,7
papyrus-ai,https://pypi.org/project/papyrus-ai/,7
oracle-ads,https://pypi.org/project/oracle-ads/,7
mlsquare,https://pypi.org/project/mlsquare/,7
mlmodels,https://pypi.org/project/mlmodels/,7
miping,https://pypi.org/project/miping/,7
marcelle,https://pypi.org/project/marcelle/,7
lukai,https://pypi.org/project/lukai/,7
deepctr-torch,https://pypi.org/project/deepctr-torch/,7
deeparch,https://pypi.org/project/deeparch/,7
ddsp,https://pypi.org/project/ddsp/,7
azureml-contrib-automl-dnn-vision,https://pypi.org/project/azureml-contrib-automl-dnn-vision/,7
azureml-contrib-automl-dnn-forecasting,https://pypi.org/project/azureml-contrib-automl-dnn-forecasting/,7
azureml-automl-dnn-vision,https://pypi.org/project/azureml-automl-dnn-vision/,7
azureml-automl-dnn-nlp,https://pypi.org/project/azureml-automl-dnn-nlp/,7
aimodelshare,https://pypi.org/project/aimodelshare/,7
rasa,https://pypi.org/project/rasa/,8
rasa-core,https://pypi.org/project/rasa-core/,8
rasafou,https://pypi.org/project/rasafou/,8
vma-nlu,https://pypi.org/project/vma-nlu/,8
sani-nlu,https://pypi.org/project/sani-nlu/,8
rukip,https://pypi.org/project/rukip/,8
roboai-cli,https://pypi.org/project/roboai-cli/,8
robo-bot,https://pypi.org/project/robo-bot/,8
rasam,https://pypi.org/project/rasam/,8
rasahub-rasa,https://pypi.org/project/rasahub-rasa/,8
rasa-nlu-gao,https://pypi.org/project/rasa-nlu-gao/,8
rasa-extractors,https://pypi.org/project/rasa-extractors/,8
rasa-ext-plugin,https://pypi.org/project/rasa-ext-plugin/,8
rasa-dialogflow-interpreter,https://pypi.org/project/rasa-dialogflow-interpreter/,8
rasa-denerator,https://pypi.org/project/rasa-denerator/,8
rasa-cli-completion,https://pypi.org/project/rasa-cli-completion/,8
rasa-chinese-plugin,https://pypi.org/project/rasa-chinese-plugin/,8
rasa-chinese,https://pypi.org/project/rasa-chinese/,8
rasa-alice,https://pypi.org/project/rasa-alice/,8
pyspace-toolkit,https://pypi.org/project/pyspace-toolkit/,8
pre-assistant,https://pypi.org/project/pre-assistant/,8
neuralspace,https://pypi.org/project/neuralspace/,8
coco-rasa,https://pypi.org/project/coco-rasa/,8
g2p-en,https://pypi.org/project/g2p-en/,9
underthesea,https://pypi.org/project/underthesea/,9
malaya,https://pypi.org/project/malaya/,9
espnet-tts-frontend,https://pypi.org/project/espnet-tts-frontend/,9
espnet-model-zoo,https://pypi.org/project/espnet-model-zoo/,9
espnet,https://pypi.org/project/espnet/,9
pororo,https://pypi.org/project/pororo/,9
TensorFlowTTS,https://pypi.org/project/TensorFlowTTS/,9
sports-news-collector,https://pypi.org/project/sports-news-collector/,9
seacorenlp,https://pypi.org/project/seacorenlp/,9
pyfoal,https://pypi.org/project/pyfoal/,9
paddle-parakeet,https://pypi.org/project/paddle-parakeet/,9
hawking,https://pypi.org/project/hawking/,9
ais-wordnet-sim,https://pypi.org/project/ais-wordnet-sim/,9
MorshuTalk,https://pypi.org/project/MorshuTalk/,9
EasyTTS,https://pypi.org/project/EasyTTS/,9
tokenizer-tools,https://pypi.org/project/tokenizer-tools/,10
seq2annotation,https://pypi.org/project/seq2annotation/,10
tf-crf-layer,https://pypi.org/project/tf-crf-layer/,10
tf-attention-layer,https://pypi.org/project/tf-attention-layer/,10
ioflow,https://pypi.org/project/ioflow/,10
deliverable-model,https://pypi.org/project/deliverable-model/,10
nlp-utils,https://pypi.org/project/nlp-utils/,10
tf-summary-reader,https://pypi.org/project/tf-summary-reader/,10
mtnlpmodel,https://pypi.org/project/mtnlpmodel/,10
MicroTokenizer,https://pypi.org/project/MicroTokenizer/,10
sem-reject,https://pypi.org/project/sem-reject/,10
rasa-contrib,https://pypi.org/project/rasa-contrib/,10
paddle-tokenizer,https://pypi.org/project/paddle-tokenizer/,10
nlp-dict,https://pypi.org/project/nlp-dict/,10
mtnlp-model,https://pypi.org/project/mtnlp-model/,10
corpusflow,https://pypi.org/project/corpusflow/,10
alibi,https://pypi.org/project/alibi/,11
aif360,https://pypi.org/project/aif360/,11
tempeh,https://pypi.org/project/tempeh/,11
spike-explainability,https://pypi.org/project/spike-explainability/,11
neurocat,https://pypi.org/project/neurocat/,11
monitaur,https://pypi.org/project/monitaur/,11
machine-learning-datasets,https://pypi.org/project/machine-learning-datasets/,11
fairmlhealth,https://pypi.org/project/fairmlhealth/,11
fairensics,https://pypi.org/project/fairensics/,11
expybox,https://pypi.org/project/expybox/,11
explain-spike,https://pypi.org/project/explain-spike/,11
bdrk,https://pypi.org/project/bdrk/,11
gpflow,https://pypi.org/project/gpflow/,12
gpflux,https://pypi.org/project/gpflux/,12
banded-matrices,https://pypi.org/project/banded-matrices/,12
tsipy,https://pypi.org/project/tsipy/,12
trieste,https://pypi.org/project/trieste/,12
tpml,https://pypi.org/project/tpml/,12
sm-trieste,https://pypi.org/project/sm-trieste/,12
pygpso,https://pypi.org/project/pygpso/,12
mogptk,https://pypi.org/project/mogptk/,12
markovflow,https://pypi.org/project/markovflow/,12
ardiss,https://pypi.org/project/ardiss/,12
BranchedGP,https://pypi.org/project/BranchedGP/,12
mlprimitives,https://pypi.org/project/mlprimitives/,13
mlblocks,https://pypi.org/project/mlblocks/,13
mit-d3m,https://pypi.org/project/mit-d3m/,13
orion-ml,https://pypi.org/project/orion-ml/,13
autobazaar,https://pypi.org/project/autobazaar/,13
piex,https://pypi.org/project/piex/,13
mlbazaar,https://pypi.org/project/mlbazaar/,13
greenguard,https://pypi.org/project/greenguard/,13
datatracer,https://pypi.org/project/datatracer/,13
cardea,https://pypi.org/project/cardea/,13
auto-orion,https://pypi.org/project/auto-orion/,13
simpletransformers,https://pypi.org/project/simpletransformers/,14
tuhlbox,https://pypi.org/project/tuhlbox/,14
smaberta,https://pypi.org/project/smaberta/,14
simplexfmr-artifact,https://pypi.org/project/simplexfmr-artifact/,14
rpunct,https://pypi.org/project/rpunct/,14
omdenalore,https://pypi.org/project/omdenalore/,14
hopstools,https://pypi.org/project/hopstools/,14
happy-learning,https://pypi.org/project/happy-learning/,14
datascience-toolkits,https://pypi.org/project/datascience-toolkits/,14
condolence-models,https://pypi.org/project/condolence-models/,14
animated-memory,https://pypi.org/project/animated-memory/,14
tensorflow-tensorboard,https://pypi.org/project/tensorflow-tensorboard/,15
rddlgym,https://pypi.org/project/rddlgym/,15
rddl2tf,https://pypi.org/project/rddl2tf/,15
tfrddlsim,https://pypi.org/project/tfrddlsim/,15
tfextras,https://pypi.org/project/tfextras/,15
tf-plan,https://pypi.org/project/tf-plan/,15
tf-mdp,https://pypi.org/project/tf-mdp/,15
projectowl,https://pypi.org/project/projectowl/,15
jupyter-tensorboard,https://pypi.org/project/jupyter-tensorboard/,15
bert-for-tf2,https://pypi.org/project/bert-for-tf2/,16
twitter-nlp-toolkit,https://pypi.org/project/twitter-nlp-toolkit/,16
tf-text-model,https://pypi.org/project/tf-text-model/,16
tf-tagger,https://pypi.org/project/tf-tagger/,16
email-txt-classification,https://pypi.org/project/email-txt-classification/,16
email-text-classify,https://pypi.org/project/email-text-classify/,16
cutcut,https://pypi.org/project/cutcut/,16
classification-text-email,https://pypi.org/project/classification-text-email/,16
fancyimpute,https://pypi.org/project/fancyimpute/,17
gmql,https://pypi.org/project/gmql/,17
paso,https://pypi.org/project/paso/,17
genereg,https://pypi.org/project/genereg/,17
dsbox-datacleaning,https://pypi.org/project/dsbox-datacleaning/,17
datacleanbot,https://pypi.org/project/datacleanbot/,17
DedupliPy,https://pypi.org/project/DedupliPy/,17
asreview,https://pypi.org/project/asreview/,18
asreview-wordcloud,https://pypi.org/project/asreview-wordcloud/,18
asreview-visualization,https://pypi.org/project/asreview-visualization/,18
asreview-statistics,https://pypi.org/project/asreview-statistics/,18
asreview-hyperopt,https://pypi.org/project/asreview-hyperopt/,18
asreview-covid19,https://pypi.org/project/asreview-covid19/,18
IBATS-Common,https://pypi.org/project/IBATS-Common/,19
IBATS-Huobi-Feeder,https://pypi.org/project/IBATS-Huobi-Feeder/,19
IBATS-BitMex-Feeder,https://pypi.org/project/IBATS-BitMex-Feeder/,19
IBATS-Huobi-Trader,https://pypi.org/project/IBATS-Huobi-Trader/,19
IBATS-DI-Trader,https://pypi.org/project/IBATS-DI-Trader/,19
IBATS-BitMex-Trader,https://pypi.org/project/IBATS-BitMex-Trader/,19
ml-logger,https://pypi.org/project/ml-logger/,20
baselines,https://pypi.org/project/baselines/,20
playground,https://pypi.org/project/playground/,20
graph-search,https://pypi.org/project/graph-search/,20
env-wrappers,https://pypi.org/project/env-wrappers/,20
cde,https://pypi.org/project/cde/,20
waymo-open-dataset-tf-2-3-0,https://pypi.org/project/waymo-open-dataset-tf-2-3-0/,21
waymo-open-dataset-tf-2-2-0,https://pypi.org/project/waymo-open-dataset-tf-2-2-0/,21
waymo-open-dataset-tf-2-1-0,https://pypi.org/project/waymo-open-dataset-tf-2-1-0/,21
waymo-open-dataset-tf-2-0-0,https://pypi.org/project/waymo-open-dataset-tf-2-0-0/,21
waymo-open-dataset-2-0-0,https://pypi.org/project/waymo-open-dataset-2-0-0/,21
lingvo,https://pypi.org/project/lingvo/,21
alibi-detect,https://pypi.org/project/alibi-detect/,22
mlserver-alibi-detect,https://pypi.org/project/mlserver-alibi-detect/,22
kmex,https://pypi.org/project/kmex/,22
katme,https://pypi.org/project/katme/,22
flowi,https://pypi.org/project/flowi/,22
deepface,https://pypi.org/project/deepface/,23
retina-face,https://pypi.org/project/retina-face/,23
privyfilter,https://pypi.org/project/privyfilter/,23
metahuman-0.1,https://pypi.org/project/metahuman-0.1/,23
metahuman,https://pypi.org/project/metahuman/,23
deeplabcut,https://pypi.org/project/deeplabcut/,24
toxopy,https://pypi.org/project/toxopy/,24
freemocap,https://pypi.org/project/freemocap/,24
anipose,https://pypi.org/project/anipose/,24
Python-video-annotator-module-deeplab,https://pypi.org/project/Python-video-annotator-module-deeplab/,24
mhcflurry,https://pypi.org/project/mhcflurry/,25
mhcnuggets,https://pypi.org/project/mhcnuggets/,25
pvactools,https://pypi.org/project/pvactools/,25
neoepiscope,https://pypi.org/project/neoepiscope/,25
cressp,https://pypi.org/project/cressp/,25
notedrive,https://pypi.org/project/notedrive/,26
notedata,https://pypi.org/project/notedata/,26
noteplay,https://pypi.org/project/noteplay/,26
notefight,https://pypi.org/project/notefight/,26
noteblog,https://pypi.org/project/noteblog/,26
pymltoolkit,https://pypi.org/project/pymltoolkit/,27
snowpy,https://pypi.org/project/snowpy/,27
python-mltk,https://pypi.org/project/python-mltk/,27
TextLab,https://pypi.org/project/TextLab/,27
TextAnalyticsLab,https://pypi.org/project/TextAnalyticsLab/,27
stable-baselines,https://pypi.org/project/stable-baselines/,28
nappo,https://pypi.org/project/nappo/,28
gym-jiminy,https://pypi.org/project/gym-jiminy/,28
gym-collision-avoidance,https://pypi.org/project/gym-collision-avoidance/,28
DynEnv,https://pypi.org/project/DynEnv/,28
barbell2,https://pypi.org/project/barbell2/,29
hpb-mumc-dashboard,https://pypi.org/project/hpb-mumc-dashboard/,29
castordashboard,https://pypi.org/project/castordashboard/,29
autosegl3,https://pypi.org/project/autosegl3/,29
deepac,https://pypi.org/project/deepac/,30
deepacvir,https://pypi.org/project/deepacvir/,30
deepacstrain,https://pypi.org/project/deepacstrain/,30
deepaclive,https://pypi.org/project/deepaclive/,30
deepcut,https://pypi.org/project/deepcut/,31
frequencyWord,https://pypi.org/project/frequencyWord/,31
frequency,https://pypi.org/project/frequency/,31
BoydCut,https://pypi.org/project/BoydCut/,31
hypernets,https://pypi.org/project/hypernets/,32
deeptables,https://pypi.org/project/deeptables/,32
hypergbm,https://pypi.org/project/hypergbm/,32
cooka,https://pypi.org/project/cooka/,32
imagededup,https://pypi.org/project/imagededup/,33
dedup-img,https://pypi.org/project/dedup-img/,33
cloverwallpaper,https://pypi.org/project/cloverwallpaper/,33
autotoloka,https://pypi.org/project/autotoloka/,33
keras-rl2,https://pypi.org/project/keras-rl2/,34
keract,https://pypi.org/project/keract/,34
deeplookup,https://pypi.org/project/deeplookup/,34
DXC-RL,https://pypi.org/project/DXC-RL/,34
mlfinlab,https://pypi.org/project/mlfinlab/,35
linkkt-end,https://pypi.org/project/linkkt-end/,35
linkkt-e2e-handlers,https://pypi.org/project/linkkt-e2e-handlers/,35
link-jam-handle,https://pypi.org/project/link-jam-handle/,35
nyoka,https://pypi.org/project/nyoka/,36
ml2xl,https://pypi.org/project/ml2xl/,36
ai2xl,https://pypi.org/project/ai2xl/,36
ai2table,https://pypi.org/project/ai2table/,36
cellfinder-core,https://pypi.org/project/cellfinder-core/,37
cellfinder-napari,https://pypi.org/project/cellfinder-napari/,37
cellfinder,https://pypi.org/project/cellfinder/,37
clu,https://pypi.org/project/clu/,38
brax,https://pypi.org/project/brax/,38
deluca,https://pypi.org/project/deluca/,38
cooptools,https://pypi.org/project/cooptools/,39
coopgraph,https://pypi.org/project/coopgraph/,39
coopgame,https://pypi.org/project/coopgame/,39
deeppavlov,https://pypi.org/project/deeppavlov/,40
omniscient,https://pypi.org/project/omniscient/,40
let-me-answer-for-you,https://pypi.org/project/let-me-answer-for-you/,40
EQTransformer,https://pypi.org/project/EQTransformer/,41
seisloc,https://pypi.org/project/seisloc/,41
cuhk-seis,https://pypi.org/project/cuhk-seis/,41
fer,https://pypi.org/project/fer/,42
roboidai,https://pypi.org/project/roboidai/,42
VideoChatBot,https://pypi.org/project/VideoChatBot/,42
memcnn,https://pypi.org/project/memcnn/,43
iunets,https://pypi.org/project/iunets/,43
ganslate,https://pypi.org/project/ganslate/,43
misic,https://pypi.org/project/misic/,44
MiSiC,https://pypi.org/project/MiSiC/,44
misic-napari-plugin,https://pypi.org/project/misic-napari-plugin/,44
ocr4all-pixel-classifier,https://pypi.org/project/ocr4all-pixel-classifier/,45
ocrd-pc-segmentation,https://pypi.org/project/ocrd-pc-segmentation/,45
ocr4all-pixel-classifier-frontend,https://pypi.org/project/ocr4all-pixel-classifier-frontend/,45
pdftotree,https://pypi.org/project/pdftotree/,46
pdf,https://pypi.org/project/pdf/,46
fonduer,https://pypi.org/project/fonduer/,46
pyserini,https://pypi.org/project/pyserini/,47
experimaestro-ir,https://pypi.org/project/experimaestro-ir/,47
OpenNIR-XPM,https://pypi.org/project/OpenNIR-XPM/,47
qfast,https://pypi.org/project/qfast/,48
qfast-uq,https://pypi.org/project/qfast-uq/,48
qfast-sc,https://pypi.org/project/qfast-sc/,48
rbm,https://pypi.org/project/rbm/,49
pynipt-plugin-uncch-core,https://pypi.org/project/pynipt-plugin-uncch-core/,49
pynipt-plugin-uncch-camri,https://pypi.org/project/pynipt-plugin-uncch-camri/,49
saliency,https://pypi.org/project/saliency/,50
bim,https://pypi.org/project/bim/,50
bam-intp,https://pypi.org/project/bam-intp/,50
spektral,https://pypi.org/project/spektral/,51
menten-gcn,https://pypi.org/project/menten-gcn/,51
bark-ml,https://pypi.org/project/bark-ml/,51
spleeter,https://pypi.org/project/spleeter/,52
resuber,https://pypi.org/project/resuber/,52
omnizart,https://pypi.org/project/omnizart/,52
tensornetwork,https://pypi.org/project/tensornetwork/,53
tensorcircuit,https://pypi.org/project/tensorcircuit/,53
lambeq,https://pypi.org/project/lambeq/,53
textattack,https://pypi.org/project/textattack/,54
textflint,https://pypi.org/project/textflint/,54
fibber,https://pypi.org/project/fibber/,54
vak,https://pypi.org/project/vak/,55
tweetynet,https://pypi.org/project/tweetynet/,55
vak-test-net,https://pypi.org/project/vak-test-net/,55
vegasflow,https://pypi.org/project/vegasflow/,56
pdfflow,https://pypi.org/project/pdfflow/,56
madflow,https://pypi.org/project/madflow/,56
wf-smcmodel,https://pypi.org/project/wf-smcmodel/,57
wf-smcmodel-localize,https://pypi.org/project/wf-smcmodel-localize/,57
wf-process-ble-data,https://pypi.org/project/wf-process-ble-data/,57
125softNLP,https://pypi.org/project/125softNLP/,58
all-packages,https://pypi.org/project/all-packages/,58
ailabtools,https://pypi.org/project/ailabtools/,59
ailabdc-client,https://pypi.org/project/ailabdc-client/,59
aitk.networks,https://pypi.org/project/aitk.networks/,60
aitk,https://pypi.org/project/aitk/,60
antinex-utils,https://pypi.org/project/antinex-utils/,61
antinex-core,https://pypi.org/project/antinex-core/,61
auto-face-recognition,https://pypi.org/project/auto-face-recognition/,62
JarvisAI,https://pypi.org/project/JarvisAI/,62
betsi-ml,https://pypi.org/project/betsi-ml/,63
polaris-ml,https://pypi.org/project/polaris-ml/,63
buzz,https://pypi.org/project/buzz/,64
buzzword,https://pypi.org/project/buzzword/,64
caer,https://pypi.org/project/caer/,65
canaro,https://pypi.org/project/canaro/,65
causalml,https://pypi.org/project/causalml/,66
JustCause,https://pypi.org/project/JustCause/,66
chemml,https://pypi.org/project/chemml/,67
chemeco,https://pypi.org/project/chemeco/,67
chia,https://pypi.org/project/chia/,68
chia-tools,https://pypi.org/project/chia-tools/,68
coach-ml,https://pypi.org/project/coach-ml/,69
coach-cli,https://pypi.org/project/coach-cli/,69
coreferee,https://pypi.org/project/coreferee/,70
holmes-extractor,https://pypi.org/project/holmes-extractor/,70
cornac,https://pypi.org/project/cornac/,71
librec-auto,https://pypi.org/project/librec-auto/,71
cross-framework-hpo,https://pypi.org/project/cross-framework-hpo/,72
crossedwires,https://pypi.org/project/crossedwires/,72
cut-sent-thai,https://pypi.org/project/cut-sent-thai/,73
pypolarity,https://pypi.org/project/pypolarity/,73
dafd,https://pypi.org/project/dafd/,74
lfr,https://pypi.org/project/lfr/,74
DecoID,https://pypi.org/project/DecoID/,75
srm-helper,https://pypi.org/project/srm-helper/,75
deepbrain,https://pypi.org/project/deepbrain/,76
pynets,https://pypi.org/project/pynets/,76
deeplabcut-live,https://pypi.org/project/deeplabcut-live/,77
deeplabcut-live-gui,https://pypi.org/project/deeplabcut-live-gui/,77
dffml-model-tensorflow,https://pypi.org/project/dffml-model-tensorflow/,78
dffml-model-tensorflow-hub,https://pypi.org/project/dffml-model-tensorflow-hub/,78
dnntime,https://pypi.org/project/dnntime/,79
autotime,https://pypi.org/project/autotime/,79
dnnv,https://pypi.org/project/dnnv/,80
dnnf,https://pypi.org/project/dnnf/,80
dolfin-adjoint,https://pypi.org/project/dolfin-adjoint/,81
gyptis,https://pypi.org/project/gyptis/,81
easierai-common-functions,https://pypi.org/project/easierai-common-functions/,82
easierai-trainer-library,https://pypi.org/project/easierai-trainer-library/,82
eleanor-mamu,https://pypi.org/project/eleanor-mamu/,83
smurfs,https://pypi.org/project/smurfs/,83
entity-embeddings-categorical,https://pypi.org/project/entity-embeddings-categorical/,84
digipathos,https://pypi.org/project/digipathos/,84
FCD,https://pypi.org/project/FCD/,85
guacamol,https://pypi.org/project/guacamol/,85
focal-loss,https://pypi.org/project/focal-loss/,86
my-test-pkg-tnfru,https://pypi.org/project/my-test-pkg-tnfru/,86
foundry-ml,https://pypi.org/project/foundry-ml/,87
foundry-ml-cli,https://pypi.org/project/foundry-ml-cli/,87
fsds-100719,https://pypi.org/project/fsds-100719/,88
fsds,https://pypi.org/project/fsds/,88
gdmix-trainer,https://pypi.org/project/gdmix-trainer/,89
gdmix-workflow,https://pypi.org/project/gdmix-workflow/,89
graphgallery,https://pypi.org/project/graphgallery/,90
graphadv,https://pypi.org/project/graphadv/,90
guesslang,https://pypi.org/project/guesslang/,91
fluffy-server,https://pypi.org/project/fluffy-server/,91
idtrackerai-app,https://pypi.org/project/idtrackerai-app/,92
idtrackerai,https://pypi.org/project/idtrackerai/,92
iva-applications,https://pypi.org/project/iva-applications/,93
iva-classification-demo,https://pypi.org/project/iva-classification-demo/,93
keras-lmu,https://pypi.org/project/keras-lmu/,94
lmu,https://pypi.org/project/lmu/,94
layer-client,https://pypi.org/project/layer-client/,95
layer-sdk,https://pypi.org/project/layer-sdk/,95
linora,https://pypi.org/project/linora/,96
tensorview,https://pypi.org/project/tensorview/,96
lobe,https://pypi.org/project/lobe/,97
aebo,https://pypi.org/project/aebo/,97
mc-transformers,https://pypi.org/project/mc-transformers/,98
mcqa-utils,https://pypi.org/project/mcqa-utils/,98
musicnn,https://pypi.org/project/musicnn/,99
synesthesia-uf,https://pypi.org/project/synesthesia-uf/,99
neupy,https://pypi.org/project/neupy/,100
OutbreakPAD,https://pypi.org/project/OutbreakPAD/,100
neuralintents,https://pypi.org/project/neuralintents/,101
GenericNeuralAssistant,https://pypi.org/project/GenericNeuralAssistant/,101
nfp,https://pypi.org/project/nfp/,102
alfabet,https://pypi.org/project/alfabet/,102
niftiprocessing,https://pypi.org/project/niftiprocessing/,103
brainseg,https://pypi.org/project/brainseg/,103
nlpia,https://pypi.org/project/nlpia/,104
anomalous,https://pypi.org/project/anomalous/,104
nmrgnn-data,https://pypi.org/project/nmrgnn-data/,105
nmrgnn,https://pypi.org/project/nmrgnn/,105
nucleaizer-backend,https://pypi.org/project/nucleaizer-backend/,106
napari-nucleaizer,https://pypi.org/project/napari-nucleaizer/,106
odin-ai,https://pypi.org/project/odin-ai/,107
sisua,https://pypi.org/project/sisua/,107
Potosnail,https://pypi.org/project/Potosnail/,108
Potofox,https://pypi.org/project/Potofox/,108
pydiscotools,https://pypi.org/project/pydiscotools/,109
pydiscotool-cli,https://pypi.org/project/pydiscotool-cli/,109
pyronn-layers,https://pypi.org/project/pyronn-layers/,110
pyronn,https://pypi.org/project/pyronn/,110
qibo,https://pypi.org/project/qibo/,111
qilimanjaroq-server,https://pypi.org/project/qilimanjaroq-server/,111
quantumflow,https://pypi.org/project/quantumflow/,112
qf-diamond-norm,https://pypi.org/project/qf-diamond-norm/,112
scgen,https://pypi.org/project/scgen/,113
stVAE,https://pypi.org/project/stVAE/,113
see-rnn,https://pypi.org/project/see-rnn/,114
deeptrain,https://pypi.org/project/deeptrain/,114
sfaira,https://pypi.org/project/sfaira/,115
scArchest,https://pypi.org/project/scArchest/,115
signal-transformation,https://pypi.org/project/signal-transformation/,116
resnet-models,https://pypi.org/project/resnet-models/,116
snvoter,https://pypi.org/project/snvoter/,117
nanomethphase,https://pypi.org/project/nanomethphase/,117
sonia,https://pypi.org/project/sonia/,118
sonnia,https://pypi.org/project/sonnia/,118
stardist-napari,https://pypi.org/project/stardist-napari/,119
devbio-napari,https://pypi.org/project/devbio-napari/,119
tensorflow-serving-api-gpu,https://pypi.org/project/tensorflow-serving-api-gpu/,120
witwidget-gpu,https://pypi.org/project/witwidget-gpu/,120
tf-fast-api,https://pypi.org/project/tf-fast-api/,121
tf-x-transformers,https://pypi.org/project/tf-x-transformers/,121
transferflow,https://pypi.org/project/transferflow/,122
ezLncPred,https://pypi.org/project/ezLncPred/,122
turicreate,https://pypi.org/project/turicreate/,123
board-game-recommender,https://pypi.org/project/board-game-recommender/,123
vcap,https://pypi.org/project/vcap/,124
vcap-utils,https://pypi.org/project/vcap-utils/,124
vecto,https://pypi.org/project/vecto/,125
ldt,https://pypi.org/project/ldt/,125
waymo-open-dataset,https://pypi.org/project/waymo-open-dataset/,126
hub,https://pypi.org/project/hub/,126
zero-play,https://pypi.org/project/zero-play/,127
shibumi,https://pypi.org/project/shibumi/,127
car-speed-detection,https://pypi.org/project/car-speed-detection/,128
payment-text-parser,https://pypi.org/project/payment-text-parser/,129
torchlite,https://pypi.org/project/torchlite/,130
