dlomix,tensorflow
artap,tensorflow
wikirec,tensorflow
hipomap,tensorflow
failureDetectorSCU,tensorflow
tfquaternion,tensorflow
tfextras,tensorflow
mimir-visualizer,tensorflow
astrodash,tensorflow
quple,tensorflow
pyspace-toolkit,tensorflow
ergo-ai,tensorflow
abmarl,tensorflow
upswingutil,tensorflow
drlgeb,tensorflow
tf-livepatch-lr,tensorflow
musicntwrk,tensorflow
125softNLP,tensorflow
keras-efficientnet-v2,tensorflow
birt-gd,tensorflow
lauetoolsnn,tensorflow
MLDashboard,tensorflow
SignLanguageRecognition,tensorflow
vineyard-ml,tensorflow
SiPANN,tensorflow
asreview,tensorflow
keras-cv-attention-models,tensorflow
cell-tracking-bc,tensorflow
StyleTransferTensorFlow,tensorflow
aitk.networks,tensorflow
aiqc,tensorflow
astrorapid,tensorflow
stock-analysis-engine,tensorflow
RootInteractive,tensorflow
lucifer-ml,tensorflow
agml,tensorflow
gnntf,tensorflow
nsc,tensorflow
hammer-sh,tensorflow
PyAutoMaker,tensorflow
notekeras,tensorflow
arabicnlp,tensorflow
PyAutoMakerHuman,tensorflow
eig,tensorflow
sonia,tensorflow
panclassif,tensorflow
swiss-army-keras,tensorflow
keras-crf,tensorflow
tensorflowonspark,tensorflow
Kaggler,tensorflow
deepcon,tensorflow
yo-ds,tensorflow
tsipy,tensorflow
celeb-detector,tensorflow
xiRT,tensorflow
resnet-models,tensorflow
plato-learn,tensorflow
Potosnail,tensorflow
kwgen,tensorflow
kubric-nightly,tensorflow
delft-physics-lab,tensorflow
EmuPBk,tensorflow
tcegoframework,tensorflow
frsystem,tensorflow
dbnd-tensorflow,tensorflow
dataset-pipe,tensorflow
image-caption-generator-elizastarr,tensorflow
roboidai,tensorflow
RackioAI,tensorflow
frapi,tensorflow
mcnn,tensorflow
ms2deepscore,tensorflow
IMNN,tensorflow
simhandler,tensorflow
deeptrack,tensorflow
ds-gear,tensorflow
dreamsound,tensorflow
angel-tag,tensorflow
smartcare,tensorflow
Accuinsight,tensorflow
tensordiffeq,tensorflow
pyrlprob,tensorflow
langml,tensorflow
poisson-CNN,tensorflow
indicate,tensorflow
luna-fviz,tensorflow
successor,tensorflow
KENN2,tensorflow
tflash,tensorflow
ezst,tensorflow
jaikit,tensorflow
tensorflow-wavelets,tensorflow
quicklearn,tensorflow
libashish,tensorflow
tuttusa-datasets,tensorflow
inferrd,tensorflow
napari-stpt,tensorflow
legal-doc-processing,tensorflow
MultiInputTimeseriesGenerator,tensorflow
chemml,tensorflow
cropclassification,tensorflow
neuralintents,tensorflow
ANN-Implementation-kkkumar2,tensorflow
rnnchatbot,tensorflow
grinding-lib,tensorflow
python-server,tensorflow
napari-deepmeta,tensorflow
thingsvision,tensorflow
tbase,tensorflow
RPAwithComputerVision,tensorflow
shadowCut,tensorflow
barbell2,tensorflow
simplebert,tensorflow
stardist-napari,tensorflow
keras-image-classification-wrapper,tensorflow
scivae,tensorflow
progen-transformer,tensorflow
rankfields,tensorflow
topicpy,tensorflow
easierai-trainer-library,tensorflow
text-gen,tensorflow
DecoID,tensorflow
tsbase,tensorflow
phylodeep,tensorflow
besuto,tensorflow
qrmine,tensorflow
tesseract5obj,tensorflow
EasyTTS,tensorflow
weightwatcher,tensorflow
confessionscommenter,tensorflow
toxicity,tensorflow
xDNN-classifier,tensorflow
librec-auto,tensorflow
HMBP2,tensorflow
tf-slice-assign,tensorflow
cvlab-dl,tensorflow
ddsp,tensorflow
deepctr-torch,tensorflow
pose-classification-kit,tensorflow
any-face,tensorflow
fast-form,tensorflow
loganary-ranking,tensorflow
ecnet,tensorflow
pdftotree,tensorflow
morpheus-astro,tensorflow
nbeats-keras,tensorflow
alphafold,tensorflow
cclm,tensorflow
DXC-Industrialized-AI-Starter,tensorflow
stockDL,tensorflow
qonic-misc,tensorflow
NNClass,tensorflow
eslearn,tensorflow
ganondorf,tensorflow
naturalselection,tensorflow
easierai-common-functions,tensorflow
mlk,tensorflow
deepse,tensorflow
stocker,tensorflow
elephas,tensorflow
opencxr,tensorflow
n2d,tensorflow
ESEm,tensorflow
treform,tensorflow
fife,tensorflow
sibyl-ai,tensorflow
deepof,tensorflow
digcommpy,tensorflow
deatf,tensorflow
abstractMLBaseModelTask,tensorflow
musicalrobot,tensorflow
etc-ml,tensorflow
latticex,tensorflow
cvtron,tensorflow
Tensorflow-ChatBots,tensorflow
boxsers,tensorflow
ESINet,tensorflow
transcendental,tensorflow
SymFlow,tensorflow
elizastarr-caption-generator,tensorflow
SmiToText,tensorflow
mathreader,tensorflow
ctextinct,tensorflow
mercurius,tensorflow
blml1,tensorflow
aidatafactory,tensorflow
autosegl3,tensorflow
pytfl,tensorflow
inaSpeechSegmenter,tensorflow
SpaDecon,tensorflow
anomaly-toolbox,tensorflow
rlds,tensorflow
NREL-phygnn,tensorflow
airontools,tensorflow
new-face,tensorflow
tf-mdp,tensorflow
vegasflow,tensorflow
ML-IIITL,tensorflow
ms2query,tensorflow
KerasModelManager,tensorflow
crossedwires,tensorflow
NNFunction,tensorflow
aiforce,tensorflow
ufopredictor,tensorflow
keras-rl2,tensorflow
aironsuit,tensorflow
at-ml,tensorflow
deepac,tensorflow
autoprototype,tensorflow
embryoseg,tensorflow
HipoMap,tensorflow
camera-person-2d-mapping,tensorflow
twomartens.masterthesis,tensorflow
pytcn,tensorflow
focalloss4keras,tensorflow
perfect-information-game,tensorflow
clu,tensorflow
pytorch-to-tflite,tensorflow
DRLZ,tensorflow
pypaz,tensorflow
imnn,tensorflow
pyhydroqc,tensorflow
nlp-primitives,tensorflow
Python-video-annotator-module-deeplab,tensorflow
crystalml,tensorflow
deepsig-biocomp,tensorflow
pdfflow,tensorflow
ChatbotVerse,tensorflow
ascends-toolkit,tensorflow
zero-play,tensorflow
modelzoo-alpha,tensorflow
canton,tensorflow
aursad,tensorflow
ezfintech,tensorflow
deepcheck,tensorflow
bs-ds,tensorflow
JLpyUtils,tensorflow
keras-adamw,tensorflow
npyx,tensorflow
tokenizer-tools,tensorflow
cimcb,tensorflow
CategorizerAI,tensorflow
nwae,tensorflow
canaro,tensorflow
xtreme-vision,tensorflow
mesh-tensorflow,tensorflow
andrewAudio,tensorflow
smote-variants,tensorflow
deep3d,tensorflow
dreegdl,tensorflow
protein-bert,tensorflow
mikuni-pkg,tensorflow
Edward,tensorflow
job-offer-classifier,tensorflow
scrinet,tensorflow
WeightWatcher,tensorflow
rl-toolkit,tensorflow
easierSDK,tensorflow
NeodroidVision,tensorflow
antinex-utils,tensorflow
mavenn,tensorflow
malaya,tensorflow
EQTransformer,tensorflow
auto_ml,tensorflow
demyst-analytics,tensorflow
JarvisAI,tensorflow
DLPipeline,tensorflow
pyhalcyon,tensorflow
transformers-keras-dataloader,tensorflow
ikfs-anomaly-detector,tensorflow
nomeroff-net-test,tensorflow
pedestrian-detection-ssdlite,tensorflow
huasca,tensorflow
coherence-ua,tensorflow
numericalpoissongeometry,tensorflow
animal-classifier,tensorflow
genderClassifier,tensorflow
tf-train,tensorflow
deepoc,tensorflow
tfbert,tensorflow
model-converters,tensorflow
allestm,tensorflow
tsnn,tensorflow
TFTree,tensorflow
mll,tensorflow
gpasdnn,tensorflow
image-pcd,tensorflow
tensorflowservingclient,tensorflow
reluMIP,tensorflow
piglab,tensorflow
spiegelib,tensorflow
chatbot-creator,tensorflow
AutoGAN,tensorflow
automl,tensorflow
big-fiubrother-classification,tensorflow
MLAC,tensorflow
ds4n6-lib,tensorflow
vecto,tensorflow
isnude,tensorflow
deepfitv,tensorflow
aether,tensorflow
DiST-Net,tensorflow
signal-transformation,tensorflow
recsim,tensorflow
pathmind,tensorflow
scmvae,tensorflow
autogame,tensorflow
english-asr,tensorflow
hopfield4py,tensorflow
scbean,tensorflow
face-network,tensorflow
sctreeshap,tensorflow
antspynet,tensorflow
yikit,tensorflow
image-classifier,tensorflow
utranslate,tensorflow
topicmodels,tensorflow
finbert-embedding,tensorflow
pyqsp,tensorflow
beyondpapers,tensorflow
CustomLibrary,tensorflow
deepdialog,tensorflow
flass,tensorflow
FQCS,tensorflow
ivis,tensorflow
keras-tcn,tensorflow
causalml,tensorflow
mlmodels,tensorflow
easytensor,tensorflow
tf-noisy-image-dataset,tensorflow
sk-nlp,tensorflow
fast-layers,tensorflow
ivystar,tensorflow
deepsig-sp,tensorflow
nonlincausality,tensorflow
pycomlink,tensorflow
reinforcement-terminals,tensorflow
nd-mlp-mixer,tensorflow
pandas-tfrecords,tensorflow
bestOf,tensorflow
cadl,tensorflow
bim,tensorflow
deepbgc,tensorflow
transly,tensorflow
ocrd-keraslm,tensorflow
snntoolbox,tensorflow
somlib,tensorflow
pydev-sample,tensorflow
biobb-ml,tensorflow
tf-logger,tensorflow
forest-utils,tensorflow
eggdriver,tensorflow
babblebox,tensorflow
nami,tensorflow
TFMongoDB,tensorflow
nomeroff-net,tensorflow
marcelle,tensorflow
tempeh,tensorflow
vidtrain,tensorflow
scCODA,tensorflow
SymDet,tensorflow
NiLBS,tensorflow
nic,tensorflow
covid-env-biggreen-xprize,tensorflow
raise-utils,tensorflow
text-ppf,tensorflow
hyperactive,tensorflow
triko,tensorflow
dopamine-rl,tensorflow
miracle-imputation,tensorflow
vacuum-cleaner,tensorflow
elizastarr-image-caption-generator,tensorflow
critical-path,tensorflow
KoreanC4,tensorflow
pysmeter,tensorflow
ingine,tensorflow
gwp,tensorflow
uq360,tensorflow
DXC-RL,tensorflow
oyou,tensorflow
PsychRNN,tensorflow
replay-monitor,tensorflow
kviz,tensorflow
hearbaseline,tensorflow
spec-augment,tensorflow
Py-Serv,tensorflow
py-serv,tensorflow
topfarm,tensorflow
kmeseg,tensorflow
kerasnet,tensorflow
textgen,tensorflow
tf_lessons,tensorflow
maui-tools,tensorflow
QuestionAnsweringBERT,tensorflow
MiSiC,tensorflow
deeplabcut-live,tensorflow
tf-keras-vis,tensorflow
ttd-cli,tensorflow
hellohello,tensorflow
rhme,tensorflow
cvdata,tensorflow
coral-ordinal,tensorflow
transformers-finetuning,tensorflow
see-rnn,tensorflow
fer,tensorflow
spektral,tensorflow
embedeval,tensorflow
gpam-ml-lib,tensorflow
pypelearn,tensorflow
dart-fss-classifier,tensorflow
bounded-prescience,tensorflow
minerl-navigate,tensorflow
band,tensorflow
propythia,tensorflow
nfer-image,tensorflow
rasa-contrib,tensorflow
coolstuff,tensorflow
kangeras,tensorflow
alibi,tensorflow
visual-attention-tf,tensorflow
pydiscotools,tensorflow
gstatyoss,tensorflow
hotWater,tensorflow
multi-input-timeseries-generator,tensorflow
megnet,tensorflow
rasa-core,tensorflow
q2,tensorflow
tftables,tensorflow
prose,tensorflow
rsnsfw,tensorflow
tfExperiment,tensorflow
open-speech,tensorflow
moovai,tensorflow
tf-crf-layer,tensorflow
mk-tf-img-mod,tensorflow
high-vision,tensorflow
posecamera,tensorflow
aesahaettr,tensorflow
imdex,tensorflow
keras-eval,tensorflow
nlp-utils,tensorflow
tfseg,tensorflow
oscillator-snap,tensorflow
StockFast,tensorflow
binarypipe,tensorflow
high-order-layers,tensorflow
ExperimentManager,tensorflow
decathlonian,tensorflow
caer,tensorflow
magenta,tensorflow
SeeMee,tensorflow
saliency,tensorflow
calamari-ocr,tensorflow
qfragment,tensorflow
WordEmbed,tensorflow
ChronoNLP,tensorflow
PyCLUE,tensorflow
TFNeuralNetworks,tensorflow
caispp,tensorflow
trvae,tensorflow
mycroft-precise,tensorflow
chess-cheat,tensorflow
PaMoveIt,tensorflow
maskrcnn-modanet,tensorflow
seq2annotation,tensorflow
loganalysispackage,tensorflow
DeepGProp,tensorflow
GTSFutur,tensorflow
tfimgtools,tensorflow
dnnSwift,tensorflow
iotoutlier1,tensorflow
classifire,tensorflow
SpecAugment,tensorflow
ailabtools,tensorflow
graphbrain,tensorflow
desc,tensorflow
vaknl-conversion-model,tensorflow
playtest,tensorflow
ai-trainer,tensorflow
xraydawgz,tensorflow
mr-uplift,tensorflow
transfer,tensorflow
Homevee,tensorflow
pyleafarea,tensorflow
ptk-patrickctrf,tensorflow
dronesearch,tensorflow
skil,tensorflow
lsHotword,tensorflow
tensorboard-reporter,tensorflow
axon-conabio,tensorflow
DRL-Snakey,tensorflow
mothnet,tensorflow
recogym,tensorflow
dj-kaggle-pipeline,tensorflow
mlaut,tensorflow
mulearn,tensorflow
gimmick,tensorflow
data-class-detection,tensorflow
hipo-map,tensorflow
dlgo,tensorflow
ismlldataset,tensorflow
bear-model,tensorflow
seq2vec,tensorflow
tensorshow,tensorflow
commented-out-code,tensorflow
model-performance-investigator,tensorflow
description2process,tensorflow
SixAdsDS,tensorflow
open-faces,tensorflow
neowise,tensorflow
imagegengan,tensorflow
minst-data-expansion-o,tensorflow
DeepXDE,tensorflow
MindsDB,tensorflow
physlearn,tensorflow
mit-news-classify,tensorflow
pymia,tensorflow
dolfin-adjoint,tensorflow
hexfarm,tensorflow
seldon-core,tensorflow
tensorflow-kernels,tensorflow
dataphile,tensorflow
gpflow,tensorflow
label-wrapper,tensorflow
libra,tensorflow
tpubar,tensorflow
bam-intp,tensorflow
poros,tensorflow
cookiepy,tensorflow
soph,tensorflow
facenet,tensorflow
tf-attention-layer,tensorflow
bpmll,tensorflow
mmsplice,tensorflow
gossipcat,tensorflow
recommender-pkg,tensorflow
onnx-tf,tensorflow
open-graphics,tensorflow
adversarial-robustness-toolbox,tensorflow
diploshictest,tensorflow
tensorflow-serving-client,tensorflow
cat-dog-classifier,tensorflow
reinforcement,tensorflow
pernaf,tensorflow
prettytensor,tensorflow
big-phoney,tensorflow
keras-bert-ner,tensorflow
hypergol,tensorflow
syncvtools,tensorflow
bnltk,tensorflow
SHiNiNG,tensorflow
faculty-xval,tensorflow
top2vec,tensorflow
pydp,tensorflow
fa-kit,tensorflow
attributionpriors,tensorflow
datascience-toolkits,tensorflow
AutoChatbot,tensorflow
mlcollect,tensorflow
misic,tensorflow
PD-Custom-models,tensorflow
modelutils,tensorflow
aiotf,tensorflow
inductiveGRL,tensorflow
sparkflow,tensorflow
objectdetection,tensorflow
pyserini,tensorflow
StockEnable,tensorflow
ibotta-uplift,tensorflow
smic,tensorflow
tf-gnn,tensorflow
shrub,tensorflow
facenet-sandberg,tensorflow
sng,tensorflow
refitt,tensorflow
density_forest,tensorflow
Surreal,tensorflow
mGesf,tensorflow
esdap,tensorflow
neurotpr,tensorflow
gpt2-client,tensorflow
categorical-embedder,tensorflow
ktext,tensorflow
sctransfer,tensorflow
quantumflow,tensorflow
antinex-core,tensorflow
ntap,tensorflow
tf-tagger,tensorflow
auto-face-recognition,tensorflow
deephyp,tensorflow
StyleTransferArt,tensorflow
russtress,tensorflow
troj,tensorflow
yfml,tensorflow
VideoChatBot,tensorflow
FCD,tensorflow
pygans,tensorflow
ml-lib,tensorflow
polymuse-future,tensorflow
aisimplekit,tensorflow
Brewgorithm,tensorflow
BPrune,tensorflow
gcn,tensorflow
easygan,tensorflow
tf-centernet,tensorflow
mltest,tensorflow
deeposlandia,tensorflow
tensorfit,tensorflow
pearlib,tensorflow
deepmodels,tensorflow
python-mltk,tensorflow
open-yolo,tensorflow
dlt,tensorflow
mc-transformers,tensorflow
sldatasets,tensorflow
phynix-gym,tensorflow
CAD-Recognition,tensorflow
multi-view-network,tensorflow
streamlit,tensorflow
PyStatsBatteries,tensorflow
deepvission-nightly,tensorflow
augmix-tf,tensorflow
mieszkaivision,tensorflow
scgen,tensorflow
aaa-jiang,tensorflow
pyplt,tensorflow
eleanor-mamu,tensorflow
atflow,tensorflow
tf-spectral,tensorflow
sentiment-analysis,tensorflow
alfabet,tensorflow
modelzoo-client,tensorflow
pyturbo,tensorflow
enigmx,tensorflow
Aihub-demo,tensorflow
AutoQAI,tensorflow
pymltoolkit,tensorflow
RagtimeNN,tensorflow
TF-Binary-Classification,tensorflow
veidt,tensorflow
renn,tensorflow
sonnia,tensorflow
cross-framework-hpo,tensorflow
FastAudioVisal,tensorflow
img-edit-learn,tensorflow
dimae,tensorflow
wjwgym,tensorflow
video-facenet,tensorflow
trVAE,tensorflow
flax-extra,tensorflow
extract-sfm,tensorflow
ai-utils,tensorflow
studioml,tensorflow
dask-tensorflow,tensorflow
pml-pinn,tensorflow
aihub-deep,tensorflow
deepbrain,tensorflow
ryakugo-pkg,tensorflow
deeptl,tensorflow
caery,tensorflow
agents,tensorflow
DRL-keras,tensorflow
vesper,tensorflow
tftools,tensorflow
fifty,tensorflow
kubric,tensorflow
notedrive,tensorflow
citygan,tensorflow
spnflow,tensorflow
tf-plan,tensorflow
rddl2tf,tensorflow
toolbox-az,tensorflow
file-io,tensorflow
deepsvr,tensorflow
MoveItPa,tensorflow
RMDL,tensorflow
textanalytics,tensorflow
talos,tensorflow
engram,tensorflow
deepconpkg,tensorflow
pymltools,tensorflow
frequency,tensorflow
visual-search-nets,tensorflow
frequencyWord,tensorflow
watsor,tensorflow
tf-quat2rot,tensorflow
prinpy,tensorflow
aegis-model,tensorflow
tfrddlsim,tensorflow
latticex.rosetta,tensorflow
dvt,tensorflow
distpy,tensorflow
simple-tensorflow-serving,tensorflow
vak,tensorflow
buzz,tensorflow
keras-augm-layer,tensorflow
text2class,tensorflow
smachy,tensorflow
scrappybara,tensorflow
mlreflect,tensorflow
inceptiontube,tensorflow
worin,tensorflow
ml-ocean-bl,tensorflow
GenericNeuralAssistant,tensorflow
demohub,tensorflow
blusky,tensorflow
dnnmodels,tensorflow
cde,tensorflow
beefly,tensorflow
yaaf,tensorflow
aix360,tensorflow
redshells,tensorflow
metaflow-helper,tensorflow
ml-logger,tensorflow
hmni,tensorflow
Hipomap,tensorflow
mpi4tf,tensorflow
fancyimpute,tensorflow
pornstar,tensorflow
kerastroke,tensorflow
covidify,tensorflow
tensorflow-enterprise-addons,tensorflow
TensorFI,tensorflow
dlprepare,tensorflow
tensorflow-deploy-utils,tensorflow
dvm,tensorflow
peak-finder,tensorflow
ganpy,tensorflow
Melchizedek,tensorflow
benlib,tensorflow
hopsfacets,tensorflow
tf-yolov4,tensorflow
eda-fe-model,tensorflow
vk-facenet,tensorflow
maml,tensorflow
astroramjet,tensorflow
mhcnuggets,tensorflow
OutbreakPAD,tensorflow
betbot,tensorflow
PartSeg-stardist,tensorflow
techsig,tensorflow
fiteanalytics,tensorflow
object-detection,tensorflow
tf-siammask,tensorflow
tf-text-model,tensorflow
detection-models,tensorflow
GML,tensorflow
pspso,tensorflow
deepbiome,tensorflow
tensorio,tensorflow
fsds-100719,tensorflow
pyrtstools,tensorflow
mltb,tensorflow
tfserve,tensorflow
id-fer,tensorflow
vggish-keras,tensorflow
prevision-quantum-nn,tensorflow
altena,tensorflow
deployml,tensorflow
misas,tensorflow
tf-reader,tensorflow
deepbayes,tensorflow
medicalai,tensorflow
detecting,tensorflow
BoydCut,tensorflow
automated-walk-bike-counter,tensorflow
mlmicrophysics,tensorflow
foggy,tensorflow
coffeeshop,tensorflow
flask-image-search,tensorflow
mneflow,tensorflow
cdacal,tensorflow
phenocnv,tensorflow
caer-models,tensorflow
pydatasci,tensorflow
aisaratuners,tensorflow
transferflow,tensorflow
automlkiller,tensorflow
forth,tensorflow
genreml,tensorflow
tflibs,tensorflow
norse,tensorflow
dreamsound-fdch,tensorflow
tensorfree,tensorflow
proglearn,tensorflow
mlvtk,tensorflow
processdigit,tensorflow
opveclib,tensorflow
rddlgym,tensorflow
lidtk,tensorflow
Keras,tensorflow
autotonne,tensorflow
deeptrain,tensorflow
onnxds,tensorflow
keras2onnx,tensorflow
infbot,tensorflow
tf-pose,tensorflow
twodlearn,tensorflow
ddpg,tensorflow
deepcola,tensorflow
mrainet,tensorflow
libtlda,tensorflow
pyDSlib,tensorflow
pydomains,tensorflow
tensorflow-play,tensorflow
tflab,tensorflow
adabelief-tf,tensorflow
ocr4all-pixel-classifier-frontend,tensorflow
pysoftNLP,tensorflow
mcnntunes,tensorflow
rosey-keras,tensorflow
ccAF,tensorflow
dankag,tensorflow
kayra,tensorflow
nn_wtf,tensorflow
rosa-robot,tensorflow
vfacenet,tensorflow
mcfly,tensorflow
tracepooling,tensorflow
scikeras,tensorflow
econml,tensorflow
moodleinspire,tensorflow
fonduer,tensorflow
stylish,tensorflow
ml-pipeline-gen,tensorflow
unityagents,tensorflow
baselines,tensorflow
picasso-viz,tensorflow
gptf,tensorflow
xRBM,tensorflow
moodlemlbackend,tensorflow
tflog,tensorflow
tracepooling-layer,tensorflow
cvae,tensorflow
imagededup,tensorflow
chicksexer-fork,tensorflow
langdist,tensorflow
gender-detection,tensorflow
chicksexer,tensorflow
chi,tensorflow
ChemListem,tensorflow
guesslang,tensorflow
pyfiction,tensorflow
easy-tfrecords,tensorflow
RLDQN,tensorflow
charlotte-db,tensorflow
nefesi,tensorflow
mhcflurry,tensorflow
MatchZoo,tensorflow
deepdefacer,tensorflow
diluvian,tensorflow
tfcoreml,tensorflow
pic2vec,tensorflow
deepface,tensorflow
musket-core,tensorflow
sandblox,tensorflow
mantis-ml,tensorflow
retina-face,tensorflow
cornac,tensorflow
TensorImage,tensorflow
parse-tools,tensorflow
vica,tensorflow
deepctr,tensorflow
stable-baselines,tensorflow
pyjamas-rfglab,tensorflow
LazyPy-Basic,tensorflow
metahuman,tensorflow
rnasamba,tensorflow
AsymmetricLoss,tensorflow
reportlabtyphon,tensorflow
anyrl,tensorflow
stellargraph,tensorflow
bella-tdsa,tensorflow
ssu-tk,tensorflow
tensorflow-serving-api,tensorflow
color2vec,tensorflow
segmentation-pipeline,tensorflow
tf-common,tensorflow
nlpia,tensorflow
yarll,tensorflow
tensorflow-probability,tensorflow
o4,tensorflow
azuremlftk,tensorflow
konlp,tensorflow
skywatchai,tensorflow
amber-automl,tensorflow
luminoth,tensorflow
tensorflow-lattice,tensorflow
carpedm,tensorflow
QizNLP,tensorflow
mlagents,tensorflow
dsbox-datacleaning,tensorflow
newlandface,tensorflow
zfit,tensorflow
bilm,tensorflow
tensorflow-serving-api-python3,tensorflow
melusine,tensorflow
anago,tensorflow
dragonn,tensorflow
azureml-train-automl,tensorflow
OmicsAnalysis,tensorflow
rosey,tensorflow
kimrec,tensorflow
cloudml-hackathon-tensorboard,tensorflow
poreplex,tensorflow
pykg2vec,tensorflow
tensorflowjs,tensorflow
playground,tensorflow
darkon,tensorflow
csrank,tensorflow
BioNAS,tensorflow
mindmeld,tensorflow
sagemaker-tensorflow,tensorflow
tensorflow-tracer,tensorflow
nengo-dl,tensorflow
musicnn,tensorflow
tfunicode,tensorflow
cloud-tpu-profiler,tensorflow
ardiss,tensorflow
laminarflow,tensorflow
polyaxon-lib,tensorflow
Karka,tensorflow
mabandit,tensorflow
vcai-be-common,tensorflow
tensionflow,tensorflow
parsnet,tensorflow
AxonDeepSeg,tensorflow
optimuspyspark,tensorflow
ucnn,tensorflow
maru,tensorflow
azureml-contrib-brainwave,tensorflow
tensorrec,tensorflow
g2p-en,tensorflow
tfi,tensorflow
mlbootstrap-tf,tensorflow
anago-py367,tensorflow
muffnn,tensorflow
dldb,tensorflow
maskrcnnkeras,tensorflow
bullseye_method,tensorflow
batchglm,tensorflow
deepfree,tensorflow
tati,tensorflow
benderthon,tensorflow
tensorflow-tensorboard,tensorflow
scScope-cpu,tensorflow
tf-encrypted,tensorflow
faster-particles,tensorflow
nlp-architect,tensorflow
mokt,tensorflow
linked-neurons,tensorflow
alphapy,tensorflow
nlp-xiaojiang,tensorflow
gil-galad,tensorflow
phsic-cli,tensorflow
sktime-dl,tensorflow
tfencrypt,tensorflow
tf-encrypt,tensorflow
MIDASpy,tensorflow
graphpipe-tf,tensorflow
learnbot-components,tensorflow
neupy,tensorflow
learnbot-dsl,tensorflow
foundry-econml,tensorflow
EmoPy,tensorflow
learnblock,tensorflow
cf-nlp,tensorflow
azureml-automl-core,tensorflow
panoptes-he,tensorflow
reorientexpress,tensorflow
mlprimitives,tensorflow
mit-d3m,tensorflow
grakn-kglib,tensorflow
model-zoo,tensorflow
keras-pandas,tensorflow
memcnn,tensorflow
lemay-ai-sidecar,tensorflow
autobazaar,tensorflow
deephyper,tensorflow
racket,tensorflow
pipeline-diacritizer,tensorflow
kassandra,tensorflow
ytopt,tensorflow
google-nucleus,tensorflow
vtorch,tensorflow
deepaugment,tensorflow
phasespace,tensorflow
subaligner,tensorflow
gordo-components,tensorflow
curvlearn,tensorflow
learn-flow,tensorflow
fawkes,tensorflow
anomaly-detection-models,tensorflow
mly,tensorflow
tensorcv,tensorflow
tensorflow-io,tensorflow
pyCeterisParibus,tensorflow
Omnis,tensorflow
cognitivecluster,tensorflow
medaka,tensorflow
tensorspacejs,tensorflow
BERTVector,tensorflow
gcgc,tensorflow
logouslibrary,tensorflow
diffgram,tensorflow
SWAG-DNN,tensorflow
innatis,tensorflow
animalai-train,tensorflow
witwidget,tensorflow
basaka,tensorflow
pyrates,tensorflow
tf-yarn,tensorflow
lottery-ticket-pruner,tensorflow
gansdojo,tensorflow
awehflow,tensorflow
monk-keras-cpu-test,tensorflow
style-transfer,tensorflow
tensordata,tensorflow
monk-cpu,tensorflow
euler-gl,tensorflow
imageatm,tensorflow
daltons-tensorflow,tensorflow
tensorflow-encrypted,tensorflow
nosypy,tensorflow
ml-rest,tensorflow
tensorflow-ranking,tensorflow
euler2-gl,tensorflow
genie-parser,tensorflow
proviso,tensorflow
coach-ml,tensorflow
tensorio-bundler,tensorflow
coco-assistant,tensorflow
adpkdsupporttool,tensorflow
perceptilabs,tensorflow
Galaxy-ML,tensorflow
rasa-hydra,tensorflow
rasa,tensorflow
tensorflowutil,tensorflow
mastml,tensorflow
payment-text-parser,tensorflow
virtual-scanner,tensorflow
SegSRGAN,tensorflow
xmnlp,tensorflow
idtrackerai,tensorflow
hivae,tensorflow
train-unet,tensorflow
ISR,tensorflow
entity-embeddings-categorical,tensorflow
keras-gym,tensorflow
mlsquare,tensorflow
bunnieddpg,tensorflow
disc,tensorflow
utensor-cgen,tensorflow
cond-rnn,tensorflow
hawking,tensorflow
sfaira,tensorflow
solaris,tensorflow
pyloa,tensorflow
tbnns,tensorflow
tensornetwork,tensorflow
tensorflow-federated,tensorflow
visdetect,tensorflow
odin-ai,tensorflow
lfm-flow,tensorflow
MiScan,tensorflow
ctodd-python-lib-data-science,tensorflow
iceberg-rivers.search,tensorflow
face-detector,tensorflow
catalyst,tensorflow
persephone,tensorflow
ponyo,tensorflow
drmlapp,tensorflow
dice-ml,tensorflow
qfast,tensorflow
scvae,tensorflow
pylat,tensorflow
m3-dl,tensorflow
BOML,tensorflow
bubs,tensorflow
tf-big,tensorflow
openspacetrainenv,tensorflow
seqeval,tensorflow
ddpg-agent,tensorflow
tcellmatch,tensorflow
ernie4us,tensorflow
tensorflow-graphics,tensorflow
tgan,tensorflow
openml-keras,tensorflow
ludwig-myelin,tensorflow
Alpha-Finance,tensorflow
gym-collision-avoidance,tensorflow
deeplc,tensorflow
mlpipe-trainer,tensorflow
deepforest,tensorflow
malaya-speech,tensorflow
waymo-open-dataset,tensorflow
gpt-2-finetuning,tensorflow
tensorflow-text,tensorflow
SciANN,tensorflow
deepfeatx,tensorflow
salure-tfx-extensions,tensorflow
embedding-as-service,tensorflow
FinBrain,tensorflow
conversational-sentence-encoder,tensorflow
segmentpy,tensorflow
spacy-combo,tensorflow
tw-tradingview,tensorflow
adpred,tensorflow
oscar-test,tensorflow
tensorflow-privacy,tensorflow
tutti-aisthetics,tensorflow
auto-feature-extraction,tensorflow
Keras2Vec,tensorflow
dsu,tensorflow
cdt-test,tensorflow
pyTextMiner,tensorflow
gemben,tensorflow
gdmix-trainer,tensorflow
pyrack,tensorflow
joeynmt,tensorflow
rasa-nlu-gao,tensorflow
at16k,tensorflow
deepstack,tensorflow
hub,tensorflow
oscar-test0629,tensorflow
oscar-finance,tensorflow
NLP-LIB-cpu,tensorflow
decaptcha,tensorflow
dnnv,tensorflow
mroi-fd,tensorflow
dostoevsky,tensorflow
micg,tensorflow
tensorflow-constrained-optimization,tensorflow
dynamicgem,tensorflow
yolov3,tensorflow
waymo-open-dataset-2-0-0,tensorflow
ceml,tensorflow
tunga,tensorflow
canvs-toolbox-canvsUser,tensorflow
waymo-open-dataset-tf-2-0-0,tensorflow
tensorpy,tensorflow
assistant-chat-check,tensorflow
xain-fl,tensorflow
shapeguard,tensorflow
gutenhaiku,tensorflow
neorl,tensorflow
triplet-tools,tensorflow
keras-adf,tensorflow
malaya-gpu,tensorflow
carla-recourse,tensorflow
naszilla,tensorflow
tutti-aisthetics-slim,tensorflow
model-vis,tensorflow
pl-nightly,tensorflow
perceptilabs-gpu,tensorflow
perceptilabs-nightly,tensorflow
tfx-bsl,tensorflow
storybro,tensorflow
picsellia-training,tensorflow
smart-app-framework,tensorflow
explainable-ai-sdk,tensorflow
synesthesia-uf,tensorflow
apache-submarine,tensorflow
bmlx-metadata,tensorflow
automl-zip,tensorflow
automl-lib,tensorflow
sem-reject,tensorflow
shallowgibbs-doublebackpropagation,tensorflow
tensorflow-cloud,tensorflow
ai-flow,tensorflow
fgp-cert,tensorflow
dnnf,tensorflow
cytoself,tensorflow
tfdsio,tensorflow
ml-metadata,tensorflow
tfx,tensorflow
hanzi-char-featurizer,tensorflow
tensorflow-data-validation,tensorflow
pcastle,tensorflow
gcastle,tensorflow
kmeanstf,tensorflow
deepacvir,tensorflow
monitaur,tensorflow
hclctpm,tensorflow
keras-grid-search-cacheable,tensorflow
mtnlpmodel,tensorflow
siVAE,tensorflow
boml,tensorflow
tf-summary-reader,tensorflow
axelerate,tensorflow
tensorflow-model-analysis,tensorflow
fairness-indicators,tensorflow
deepaclive,tensorflow
trainingbar,tensorflow
smart-app-framework-Denfreak,tensorflow
iva-classification-demo,tensorflow
deep-ner,tensorflow
vcap,tensorflow
deliverable-model,tensorflow
dls-marco-score-ispyb,tensorflow
mesmerize,tensorflow
gloro,tensorflow
ioflow,tensorflow
let-me-answer-for-you,tensorflow
adversal-embedding,tensorflow
allRank,tensorflow
brainlit,tensorflow
sbb-binarization,tensorflow
bert-experimental,tensorflow
multidim-image-augmentation,tensorflow
simple-elmo,tensorflow
deepacstrain,tensorflow
labelocr,tensorflow
tensorflow-transform,tensorflow
nnabla-tf-converter,tensorflow
picsellia-tf1,tensorflow
nnabla-converter,tensorflow
mtnlp-model,tensorflow
uncwrap,tensorflow
nlptriples,tensorflow
ocrd-cor-asv-ann,tensorflow
fedlearner,tensorflow
scArches,tensorflow
DINCAE,tensorflow
goes16ci,tensorflow
ethnicolr,tensorflow
FaceMasque,tensorflow
trelawney,tensorflow
lobe,tensorflow
rflow-tfx,tensorflow
uncertainty-classification-wrapper,tensorflow
model_template,tensorflow
lightelligence-sdk,tensorflow
aidkit-cli,tensorflow
aidkit,tensorflow
aidkit-LITE,tensorflow
aidkitcli,tensorflow
emate,tensorflow
side-image,tensorflow
email-try2-classification,tensorflow
email-text-classify,tensorflow
email-try3-classification,tensorflow
email-text-classification,tensorflow
classification-text-email,tensorflow
email-txt-classification,tensorflow
lightelligence-model-visualization,tensorflow
vipcca,tensorflow
VIPCCA,tensorflow
coqui-stt-training,tensorflow
atlalign,tensorflow
fate-client,tensorflow
guacamol,tensorflow
tomodapi,tensorflow
tempocnn,tensorflow
tsanalysis,tensorflow
sklearn-plus,tensorflow
asc,tensorflow
projectowl,tensorflow
StrawberryFields,tensorflow
TFServingSpark,tensorflow
digipathos,tensorflow
hyperparameter-hunter,tensorflow
program-synthesis,tensorflow
pvactools,tensorflow
qporcupine,tensorflow
pytorch-monitor,tensorflow
aixm,tensorflow
pytorch-es,tensorflow
zoo-animal-classification,tensorflow
animal-classification,tensorflow
easyfacenet,tensorflow
text-autoencoder,tensorflow
nnir,tensorflow
Da-Ponz,tensorflow
cellunet,tensorflow
deeppavlov,tensorflow
celltk,tensorflow
visualdata,tensorflow
lukai,tensorflow
pytorch2keras,tensorflow
nyoka,tensorflow
fancy-nlp,tensorflow
skip-thoughts,tensorflow
keras-conv-visualizer,tensorflow
textattack,tensorflow
tf-madgrad,tensorflow
targetran,tensorflow
OCRfixr,tensorflow
poetic-py,tensorflow
flexs,tensorflow
telluride-decoding,tensorflow
microquake,tensorflow
czmodel,tensorflow
DCA,tensorflow
xswem,tensorflow
scoach,tensorflow
TrackEverything,tensorflow
da-rnn,tensorflow
deep-kolibri,tensorflow
gaminet,tensorflow
DDPG-TF,tensorflow
ultrastar-pitch,tensorflow
keras-dna,tensorflow
Fern2,tensorflow
mogptk,tensorflow
transformers-keras,tensorflow
e2e-Dutch,tensorflow
tensiometer,tensorflow
deel-lip,tensorflow
keras-tuner,tensorflow
alibi-detect,tensorflow
simplified-keras,tensorflow
rbm,tensorflow
tbparse,tensorflow
deeplabcut,tensorflow
climetlab-maelstrom-radiation,tensorflow
tf-al,tensorflow
heareval,tensorflow
hearvalidator,tensorflow
flowi,tensorflow
bert2tf,tensorflow
leap-model-rebuilder,tensorflow
opennsfw2,tensorflow
Keras-Applications-3D,tensorflow
nfp,tensorflow
tokenization-layer,tensorflow
libauc,tensorflow
tensorflow-model-remediation,tensorflow
keras-data-format-converter,tensorflow
betsi-ml,tensorflow
faceservice,tensorflow
OSKut,tensorflow
tfAugmentor,tensorflow
keras-model-specs,tensorflow
autoai-ts-libs,tensorflow
tensorcross,tensorflow
aletheia-relunet-unwrapper,tensorflow
arcface,tensorflow
taug,tensorflow
gordo,tensorflow
scaden,tensorflow
rlfw,tensorflow
tensorwaves,tensorflow
deeptables,tensorflow
cfl,tensorflow
Keras-clip,tensorflow
DRecPy,tensorflow
tfaug,tensorflow
neuralnet-visualize,tensorflow
modelai,tensorflow
a3t,tensorflow
mathy,tensorflow
lcrl,tensorflow
dffml-model-tensorflow-hub,tensorflow
polypoly,tensorflow
NucDetect,tensorflow
ganify,tensorflow
fromTxtToVec,tensorflow
mlfinlab,tensorflow
bert-qa,tensorflow
cutcut,tensorflow
urduhack,tensorflow
chitra,tensorflow
segmed,tensorflow
tensorbank-dev,tensorflow
twitter-nlp-toolkit,tensorflow
ocr4all-pixel-classifier,tensorflow
CTRs,tensorflow
tf-som,tensorflow
EELSFitter,tensorflow
rbm3,tensorflow
headliner,tensorflow
toai-mokahaiku,tensorflow
turicreate,tensorflow
tflyrics,tensorflow
cgm-3d-cnn,tensorflow
syft-tensorflow,tensorflow
paiutils,tensorflow
riid,tensorflow
aipack,tensorflow
huskarl,tensorflow
seeker,tensorflow
Pwml,tensorflow
facex,tensorflow
tf-spherical-hashing,tensorflow
gesture-app,tensorflow
rlzoo,tensorflow
kerastuner-tensorboard-logger,tensorflow
psiz,tensorflow
greenotyper,tensorflow
kookey,tensorflow
autotime,tensorflow
alfie,tensorflow
wormpose,tensorflow
protoflow,tensorflow
fastTF,tensorflow
blackbox-mpc,tensorflow
tpu-index,tensorflow
vidtag,tensorflow
transformer-korean,tensorflow
mtcnn-tflite,tensorflow
iflow,tensorflow
automatic-speech-recognition,tensorflow
scikit-keras,tensorflow
keras-gtar,tensorflow
linora,tensorflow
epyseg,tensorflow
deepevent,tensorflow
mdrnn,tensorflow
ntupledicts,tensorflow
adaptation,tensorflow
BrainML,tensorflow
keract,tensorflow
libspn-keras,tensorflow
lmu,tensorflow
ctc-chroma,tensorflow
ocrd-anybaseocr,tensorflow
dnntime,tensorflow
tensorbank,tensorflow
ecpredict,tensorflow
NICEx,tensorflow
orbis-new,tensorflow
tf-notification-callback,tensorflow
CarDEC,tensorflow
keyword-synonym-extractor-by-koo,tensorflow
tavolo,tensorflow
tensorflow-manopt,tensorflow
plom,tensorflow
keras-htr,tensorflow
scikit-surgerytf,tensorflow
pd2tfrecord,tensorflow
b4tf,tensorflow
tfne,tensorflow
dnnviewer,tensorflow
tfhubartifact,tensorflow
hypernets,tensorflow
nlp-datasets,tensorflow
craynn,tensorflow
handwritten,tensorflow
DLHelper,tensorflow
DialogTag,tensorflow
fibber,tensorflow
niftiprocessing,tensorflow
kerassurgeon,tensorflow
keras-buoy,tensorflow
musicnn-keras,tensorflow
BranchedGP,tensorflow
SEFR-CUT,tensorflow
dlflow,tensorflow
nalp,tensorflow
tf2-keras-pandas,tensorflow
chatspace,tensorflow
Voicelab,tensorflow
quickspacer,tensorflow
deepcut,tensorflow
uncertainty-baselines,tensorflow
tfdlpack,tensorflow
autodl,tensorflow
torchmodel,tensorflow
bpnet-lite,tensorflow
tensorview,tensorflow
auto-cnn,tensorflow
mlts,tensorflow
rnnt,tensorflow
keras-surgeon,tensorflow
noisytest,tensorflow
bert-for-tf2,tensorflow
aidkitmlevaluate,tensorflow
tf-fits,tensorflow
rpi-deep-pantilt,tensorflow
noisytest-xifle,tensorflow
axion-tensorflow,tensorflow
sentiment-analysis-csci-e89,tensorflow
thumt,tensorflow
simplegan,tensorflow
lanceotron,tensorflow
isofit,tensorflow
headpose,tensorflow
fringe,tensorflow
mlinnate,tensorflow
cardec,tensorflow
fastrlapi,tensorflow
vtmm,tensorflow
innateml,tensorflow
cycle-prediction,tensorflow
maupassant,tensorflow
keras-notify,tensorflow
ml4ir,tensorflow
miscnn-TF-2.0,tensorflow
WHU-ScoreChecker,tensorflow
hcai-nova-server,tensorflow
graphgallery,tensorflow
eeg2gnnbeta,tensorflow
fedot,tensorflow
menten-gcn,tensorflow
tf2crf,tensorflow
speaker-verification,tensorflow
Xplique,tensorflow
pynovice,tensorflow
tfkbnufft,tensorflow
mAdvisor,tensorflow
gretel-synthetics,tensorflow
keras-spiking,tensorflow
spark-tensorflow-distributor,tensorflow
hcai-datasets,tensorflow
IBATS-Common,tensorflow
tfbox,tensorflow
kbert,tensorflow
tf-complex,tensorflow
hcai-models,tensorflow
pangsitpy,tensorflow
snvoter,tensorflow
tfds-korean,tensorflow
dinglab-pollock,tensorflow
aspect-based-sentiment-analysis,tensorflow
ciphey,tensorflow
tfjeeves,tensorflow
deepgrp,tensorflow
ADLStream,tensorflow
OBC2AI,tensorflow
tensorflow-addons,tensorflow
nextstep,tensorflow
aglvq,tensorflow
commonMethods-zhaozl,tensorflow
Influenciae,tensorflow
dgbpy-dm,tensorflow
auto-ml-cl,tensorflow
keras-lmu,tensorflow
deepchain-apps,tensorflow
TFGENZOO,tensorflow
bavard-nlu,tensorflow
cellfinder,tensorflow
alltime,tensorflow
attention,tensorflow
miscnn,tensorflow
vitamin-b,tensorflow
punctuator-lvl9-inga,tensorflow
pupyl,tensorflow
thc-net,tensorflow
struct2tensor,tensorflow
colorizexl,tensorflow
skymapping-tools,tensorflow
tf-data-athena,tensorflow
sleap,tensorflow
evolutionary-keras,tensorflow
fastestimator,tensorflow
retinaface,tensorflow
bavard,tensorflow
trainable-initial-state-rnn,tensorflow
colornet,tensorflow
snvoter-test,tensorflow
keras-fsl,tensorflow
tensorboard-plugin-fairness-indicators,tensorflow
OpenNMT-tf,tensorflow
barrage,tensorflow
ru-proverbs,tensorflow
reaver,tensorflow
spacy-universal-sentence-encoder,tensorflow
trieste,tensorflow
imnn-tf,tensorflow
tensorflow-onmttok-ops,tensorflow
vanidl,tensorflow
sm-trieste,tensorflow
convoxxx,tensorflow
convo6,tensorflow
pygpso,tensorflow
convo5,tensorflow
ultrayolo,tensorflow
convo7,tensorflow
tox-block,tensorflow
there-is-no-spoon,tensorflow
neural-art,tensorflow
gym-lartpc,tensorflow
ddop,tensorflow
graphadv,tensorflow
beacon-trellis,tensorflow
keras-metric-learning,tensorflow
punctuator-ice,tensorflow
whatlies,tensorflow
keras-openmax,tensorflow
multigaussampler,tensorflow
deepflash2,tensorflow
spylind,tensorflow
punctuator-isl,tensorflow
cognite-open-set-classifier,tensorflow
bert-multitask-learning,tensorflow
howiml,tensorflow
wechatter,tensorflow
fedot-example-test,tensorflow
infer-gender,tensorflow
deepcomp,tensorflow
bark-ml,tensorflow
tfhelper,tensorflow
iva-applications,tensorflow
tfg-nightly,tensorflow
unlockNN,tensorflow
prognosais,tensorflow
datasetinsights,tensorflow
sfu-ml-lib,tensorflow
ketos,tensorflow
focal-loss,tensorflow
Orange3-MNE,tensorflow
StockerMake,tensorflow
scikeras-staging,tensorflow
automl-alex,tensorflow
beir,tensorflow
pyVHR,tensorflow
PyHand-Earth,tensorflow
hotaru,tensorflow
nkia,tensorflow
bigbert,tensorflow
bavard-ml-common,tensorflow
sundial-framework,tensorflow
contentai-activity-classifier,tensorflow
xplainer,tensorflow
xyolo,tensorflow
hepynet,tensorflow
peekingduck,tensorflow
artificial-artwork,tensorflow
TimeSeriesInterpretorRNN,tensorflow
sknlp,tensorflow
cut-sent-thai,tensorflow
Keras28Models,tensorflow
keras-flower,tensorflow
tftk,tensorflow
gradient-centralization-tf,tensorflow
senti-c,tensorflow
zh-rasa,tensorflow
pyapetnet,tensorflow
face-sdlr,tensorflow
lecture-transcriber,tensorflow
flamedisx,tensorflow
wf-smcmodel,tensorflow
aibomc,tensorflow
tf-fastmri-data,tensorflow
tf-x-transformers,tensorflow
forecasttime,tensorflow
lfcnn,tensorflow
decile-spear,tensorflow
alphanet,tensorflow
deepsurvk,tensorflow
deepsig-dist,tensorflow
tensorflow-coder-colab-logging,tensorflow
evxpredictor,tensorflow
unlockGNN,tensorflow
tf2-tensorflow-object-detection-api,tensorflow
ImpactLearning,tensorflow
glom-tf,tensorflow
alpacka,tensorflow
evoflow,tensorflow
shapeandshare-dicebox-core,tensorflow
mammut-py1c7b1262,tensorflow
ptcn,tensorflow
qary,tensorflow
yifeif-tensorflow-graphics,tensorflow
tf-siren,tensorflow
anomaly-detection-framework,tensorflow
hoplite2,tensorflow
ILearning,tensorflow
smae,tensorflow
reinforcement-learning-keras,tensorflow
Orange-3-MNE-Widgets,tensorflow
tf-models-official,tensorflow
nlp-db,tensorflow
monopolion-evaluator,tensorflow
sagasu,tensorflow
model-engine,tensorflow
autokeras,tensorflow
face-mask-detector,tensorflow
strym,tensorflow
icgen,tensorflow
ucbshift,tensorflow
mammut-py,tensorflow
capreolus,tensorflow
tftabular,tensorflow
stlearn,tensorflow
dsfun,tensorflow
pyeem,tensorflow
dltkai,tensorflow
kattention,tensorflow
stram,tensorflow
tf-lambda-resnet,tensorflow
orthoseg,tensorflow
pyhumour,tensorflow
twittersentiment,tensorflow
tfnlu,tensorflow
tensorflow-coder,tensorflow
adit,tensorflow
papyrus-ai,tensorflow
tf-fourier-features,tensorflow
jovsatools,tensorflow
npsn,tensorflow
subtitle-sync,tensorflow
top-choice,tensorflow
wf-smcmodel-localize,tensorflow
somnus,tensorflow
dltkdl,tensorflow
sunriseces,tensorflow
autorecsys,tensorflow
xplainet,tensorflow
meguru-tokenizer,tensorflow
nosemouse,tensorflow
DLTKDL,tensorflow
keras-flops,tensorflow
falconcv,tensorflow
concha,tensorflow
covid-vision,tensorflow
mplc,tensorflow
graphembedding,tensorflow
tf-encrypted-primitives,tensorflow
dualing,tensorflow
shfl,tensorflow
deepreg,tensorflow
tf2-vgpu,tensorflow
seqiolib,tensorflow
pengu,tensorflow
summit,tensorflow
gryffin,tensorflow
markovflow,tensorflow
Flask-Image-Search,tensorflow
seq2seq-lstm,tensorflow
glmdisc,tensorflow
ai-python,tensorflow
pre-ai-python,tensorflow
minapipe1,tensorflow
hexcapsnet,tensorflow
ydata-synthetic,tensorflow
pyvitae,tensorflow
whiteboxlayer,tensorflow
pydta,tensorflow
python-doctr,tensorflow
covid19-detection,tensorflow
super-resolution,tensorflow
fastism,tensorflow
pydta-test,tensorflow
imbDRL,tensorflow
abdo-obfuscate,tensorflow
mentalka-test-checker,tensorflow
hopstools,tensorflow
nmrgnn,tensorflow
nmrgnn-data,tensorflow
cooptools,tensorflow
abdelrahman-obfuscate,tensorflow
ocrd-calamari,tensorflow
lc-classifier,tensorflow
color-spray,tensorflow
cressp,tensorflow
picsellia-tf2,tensorflow
meow123,tensorflow
decimer,tensorflow
obfuscated-convo-new-version-abdo,tensorflow
omnizart,tensorflow
CoNSEPT,tensorflow
halerium,tensorflow
spleeter,tensorflow
tf-clahe,tensorflow
simple-converge,tensorflow
dsbot,tensorflow
minapipe,tensorflow
abdoconvo,tensorflow
convo-nlu,tensorflow
tfaip,tensorflow
ignnition,tensorflow
minapip1,tensorflow
abdo,tensorflow
convo-engine,tensorflow
DataProfiler,tensorflow
dnnlab,tensorflow
ml-dataset,tensorflow
recsim-ng,tensorflow
resuber,tensorflow
face-detection-tflite,tensorflow
spacekit,tensorflow
convo-new-version-abdo,tensorflow
py-outrider,tensorflow
omolab-conf-analysis,tensorflow
datature-hub,tensorflow
convo-nlu2,tensorflow
terra-colab,tensorflow
j-basic-stock-prediction,tensorflow
scalarstop,tensorflow
cxr-models,tensorflow
tensorflow-recommenders,tensorflow
KR-Models,tensorflow
ospark,tensorflow
PyAutoMakerFace,tensorflow
convo-tt,tensorflow
tf-fast-api,tensorflow
convo-latest,tensorflow
tfrecorder,tensorflow
quicklearning,tensorflow
pitchr,tensorflow
robustnessgym,tensorflow
aucmedi,tensorflow
gdemandfcast,tensorflow
PD-vae,tensorflow
baseten,tensorflow
efficient-det,tensorflow
dafd,tensorflow
tf-raft,tensorflow
convo-nlu-v2,tensorflow
chatbotpackage,tensorflow
qibo,tensorflow
customyolov4,tensorflow
spleeter-without-multiprocessing,tensorflow
TensorFlowASR,tensorflow
smenan,tensorflow
tf-simple-metric-learning,tensorflow
tf2show,tensorflow
SDE-Net-Keras,tensorflow
chia,tensorflow
convo-nl2,tensorflow
tensorgram,tensorflow
scpy4reactome,tensorflow
deepsvp,tensorflow
scann,tensorflow
pyronn-layers,tensorflow
cfscores,tensorflow
convo-NLU2,tensorflow
convo-n2,tensorflow
PhaseNet,tensorflow
dienen,tensorflow
adapt-diagnostics,tensorflow
tfnlp,tensorflow
bwmd,tensorflow
tropic,tensorflow
face-compare,tensorflow
deepcoil,tensorflow
biobeaker,tensorflow
adversarial-friend,tensorflow
transformer-monte-carlo,tensorflow
Tensorforce,tensorflow
armcor,tensorflow
segmentation-models-trainer,tensorflow
microfaune-ai,tensorflow
ml-env,tensorflow
tropic-learn,tensorflow
cvlab-keras,tensorflow
seedoku,tensorflow
mongo-tfrecords,tensorflow
sonusai,tensorflow
mapyllary,tensorflow
vvadlrs3,tensorflow
c3-toolset,tensorflow
acdc-nn,tensorflow
latent,tensorflow
uc-model-creator,tensorflow
grid-royale,tensorflow
c3-toolset-nightly,tensorflow
hyperpose,tensorflow
easy-tensorflow,tensorflow
bertnlp,tensorflow
jhsp,tensorflow
key-driver-analysis,tensorflow
aspectnlp,tensorflow
pau,tensorflow
twopic,tensorflow
synthetic-data,tensorflow
ACSNI,tensorflow
aichatbot,tensorflow
vikingzero,tensorflow
platonic-io,tensorflow
spectrogram-to-audio,tensorflow
late-classifier,tensorflow
layer-client,tensorflow
qhbmlib,tensorflow
ShortTextClustering,tensorflow
image-keras,tensorflow
FF-profiler,tensorflow
BackgroundVellore,tensorflow
F-profiler,tensorflow
redbrick-sdk,tensorflow
GRR-profiler,tensorflow
ZZ-profiler,tensorflow
mmm-profiler,tensorflow
ml-python-lib,tensorflow
FFF-profiler,tensorflow
decavision,tensorflow
grai-profiler-one-vip,tensorflow
K-profiler,tensorflow
graiProfiler,tensorflow
B-profiler,tensorflow
grai-One-Vip-Profiler,tensorflow
smorfinder,tensorflow
Z-profiler,tensorflow
bb-profiler,tensorflow
BSPPypi3,tensorflow
run-profiler,tensorflow
H-profiler,tensorflow
T-profiler,tensorflow
E-profiler,tensorflow
grai-Profiler,tensorflow
grai-profiler,tensorflow
grr-profiler,tensorflow
PP-profiler,tensorflow
roby,tensorflow
THE-profiler,tensorflow
zzProfiler,tensorflow
grai-One-Vip-profiler,tensorflow
nn-profiler,tensorflow
aa-profiler,tensorflow
FFFF-profiler,tensorflow
S-profiler,tensorflow
D-profiler,tensorflow
bicleaner-ai,tensorflow
jllib,tensorflow
iracema,tensorflow
A-profiler,tensorflow
cressp2,tensorflow
infercode,tensorflow
tensorflow-similarity,tensorflow
infery,tensorflow
convert-labse-tf-pt,tensorflow
credentialdigger,tensorflow
autoforecast,tensorflow
fxparser,tensorflow
backwardcompatibilityml,tensorflow
insight-extractor,tensorflow
cellfinder-core,tensorflow
omdenalore,tensorflow
perceiver,tensorflow
tflite-model-maker,tensorflow
sensor-transformer,tensorflow
tensorflow-modules,tensorflow
banded-matrices,tensorflow
griffig,tensorflow
nevopy,tensorflow
helloai,tensorflow
sensortransformer,tensorflow
nobrainer,tensorflow
murre,tensorflow
das2,tensorflow
waseda-tfx,tensorflow
processtransformer,tensorflow
pypuf,tensorflow
deepaccess,tensorflow
evalSemanticSeg,tensorflow
FolderProcessing,tensorflow
wyl-tfx,tensorflow
my-test-pkg-tnfru,tensorflow
mil-benchmarks,tensorflow
pre-reco-utils,tensorflow
yulong-tfx,tensorflow
wyljpn-tfx,tensorflow
med-dataloader,tensorflow
FastDataTime,tensorflow
opennsfw-standalone,tensorflow
deepconsensus,tensorflow
aistnet,tensorflow
bellman,tensorflow
cytopy,tensorflow
simelixir,tensorflow
waymo-open-dataset-tf-2-4-0,tensorflow
cantorProject,tensorflow
rodan,tensorflow
elvet,tensorflow
galaxies-datasets,tensorflow
analytics-mesh,tensorflow
gan-recover-image,tensorflow
vbnigmm,tensorflow
ringkasan,tensorflow
phrase-tokenizer,tensorflow
gpflux,tensorflow
maurice,tensorflow
qiskit-tensorflow,tensorflow
modelbrick,tensorflow
DeepSpectrumLite,tensorflow
fintix-modelcurator,tensorflow
gh-tools-gradient,tensorflow
yonlu,tensorflow
dmae,tensorflow
Agrothon,tensorflow
deep-autoviml,tensorflow
datatransformer,tensorflow
gps-building-blocks,tensorflow
deepnull,tensorflow
TFTrainer,tensorflow
car-speed-detection,tensorflow
mymetal,tensorflow
gazeclassify,tensorflow
kagemeka,tensorflow
morty,tensorflow
mirabolic,tensorflow
gps-babel-tower,tensorflow
esinet,tensorflow
ImageSeeker,tensorflow
smashpy,tensorflow
yolo-v5-tflite,tensorflow
foundry-ml,tensorflow
pop-finder,tensorflow
kagglerecipes,tensorflow
gamestonk-terminal,tensorflow
gclassifier,tensorflow
rt-pie,tensorflow
tensorflow-recommenders-addons,tensorflow
qibotf,tensorflow
deeplookup,tensorflow
pyaidoop,tensorflow
ChefsHatPlayersClub,tensorflow
artificial-neural-network-model-automation,tensorflow
neurocat,tensorflow
bayes-vi,tensorflow
lab-overrides,tensorflow
lafomo,tensorflow
sbnltk,tensorflow
SWAGDNN,tensorflow
greyai-sdk,tensorflow
face-mask-detection-model-grace-qui,tensorflow
hybrid-vocal-classifier,tensorflow
dffml-model-tensorflow,tensorflow
dcgan-implementation,tensorflow
covid-19-control-face-mask-detection-model,tensorflow
qdeep,tensorflow
keras-pyramid-pooling-module,tensorflow
coreferee,tensorflow
crystal4D,tensorflow
semanticseg,tensorflow
porto-task,tensorflow
porto-test,tensorflow
enterideas-test,tensorflow
grace-qui-face-mask-detection-model,tensorflow
tensorflow-decision-forests,tensorflow
pyaidoop-dl-models,tensorflow
ncem,tensorflow
aimodelshare,tensorflow
tf-watcher,tensorflow
fast-transformer,tensorflow
tensorflow-hs-addon,tensorflow
auto-tensorflow,tensorflow
dinora,tensorflow
asai-ciel,tensorflow
lingvo,tensorflow
pcmf,tensorflow
pyism,tensorflow
madan,tensorflow
tf-hourglass-networks,tensorflow
waymo-open-dataset-tf-2-5-0,tensorflow
medgeconv,tensorflow
uberlimb,tensorflow
deutschland,tensorflow
logbesselk,tensorflow
keras-vggface-deploy,tensorflow
readyml,tensorflow
segmentation-models-3D,tensorflow
face-mask-classifier,tensorflow
tensorflow-compression,tensorflow
modelbricks,tensorflow
deeperwin,tensorflow
tensorflow-auto,tensorflow
fingerflow,tensorflow
bluesky-cartpole,tensorflow
careless,tensorflow
botnoi,tensorflow
cannai,tensorflow
armadillin,tensorflow
datupapi,tensorflow
hindiwsd,tensorflow
apparel-description-generator,tensorflow
tensorflow-mri,tensorflow
hindi-wsd,tensorflow
marley,tensorflow
cmne,tensorflow
viraliq,tensorflow
pyradox-generative,tensorflow
aydin,tensorflow
waymo-open-dataset-tf-2-6-0,tensorflow
actspotter,tensorflow
autochord,tensorflow
neural-style-transfer,tensorflow
iqradre,tensorflow
pyemits,tensorflow
companyClassifier,tensorflow
tyche-atf,tensorflow
FaceChannel,tensorflow
epicas,tensorflow
counterfactual,tensorflow
tnk,tensorflow
tensorflow-nufft,tensorflow
model-development,tensorflow
blackfox-extras,tensorflow
langma,tensorflow
Qomolangma,tensorflow
mnist-detect,tensorflow
alphafold-colabfold,tensorflow-cpu
gamornet-cpu,tensorflow-cpu
rasa,tensorflow-cpu
scml-agents,tensorflow-cpu
TChatBot,tensorflow-cpu
tf-plan,tensorflow-cpu
rasafou,tensorflow-cpu
boxes-classifier,tensorflow-cpu
tfmpc,tensorflow-cpu
modelutils,tensorflow-cpu
tensorflowjs,tensorflow-cpu
cvdata,tensorflow-cpu
thumt,tensorflow-cpu
medaka-cpu,tensorflow-cpu
expert-mst,tensorflow-cpu
super-resolution,tensorflow-cpu
opennsfw-standalone,tensorflow-cpu
dtween,tensorflow-cpu
Cemotion,tensorflow-cpu
pop-finder,tensorflow-cpu
zhtts,tensorflow-cpu
pydoku2,tensorflow-cpu
lingvo,tensorflow-gpu
tf-tagger,tensorflow-gpu
pyDSlib,tensorflow-gpu
malaya-gpu,tensorflow-gpu
hotWater,tensorflow-gpu
JLpyUtils,tensorflow-gpu
nasbench301,tensorflow-gpu
pynorm,tensorflow-gpu
tidkvideochange,tensorflow-gpu
histomics_stream,tensorflow-gpu
PLANBERT,tensorflow-gpu
ML-IIITL,tensorflow-gpu
neural-studio,tensorflow-gpu
mliiitl,tensorflow-gpu
sk-nlp,tensorflow-gpu
neural-studio-code-kage,tensorflow-gpu
cctv-analysis,tensorflow-gpu
cold-wax,tensorflow-gpu
pycomlink,tensorflow-gpu
nomeroff-net-gpu,tensorflow-gpu
ttd-cli,tensorflow-gpu
tf-object-detection,tensorflow-gpu
denseblock,tensorflow-gpu
orthoseg,tensorflow-gpu
DeepSR,tensorflow-gpu
decathlonian,tensorflow-gpu
Homevee,tensorflow-gpu
nuclear-python,tensorflow-gpu
maskrcnn-modanet,tensorflow-gpu
torchlite,tensorflow-gpu
koncept,tensorflow-gpu
tfmesos,tensorflow-gpu
deepbay,tensorflow-gpu
genebench,tensorflow-gpu
decuen,tensorflow-gpu
mricluster,tensorflow-gpu
Img2Vec,tensorflow-gpu
freemocap,tensorflow-gpu
tf-semantic-segmentation,tensorflow-gpu
dm-sonnet-gpu,tensorflow-gpu
ReiL,tensorflow-gpu
verse16,tensorflow-gpu
magenta-gpu,tensorflow-gpu
ocrd-calamari,tensorflow-gpu
bert-text,tensorflow-gpu
deepdefacer,tensorflow-gpu
Cemotion-apple,tensorflow-cpu
habana-tensorflow,tensorflow-cpu
regmetrics,tensorflow-cpu
regressionmetrics,tensorflow-cpu
datascienv,tensorflow-cpu
ttd-cli-gpu,tensorflow-gpu
tensorflow-lattice-gpu,tensorflow-gpu
scScope,tensorflow-gpu
tensorflow-serving-api-gpu,tensorflow-gpu
dragonn,tensorflow-gpu
tensor2tensor,tensorflow-gpu
delft,tensorflow-gpu
relion-yolo-it,tensorflow-gpu
model-zoo,tensorflow-gpu
nosypy-gpu,tensorflow-gpu
gamornet,tensorflow-gpu
witwidget-gpu,tensorflow-gpu
deep-svdd,tensorflow-gpu
monk-cuda92,tensorflow-gpu
musket-core,tensorflow-gpu
monk-cls-test3,tensorflow-gpu
Keras-TextClassification,tensorflow-gpu
monk-keras-cuda92,tensorflow-gpu
monk-keras-cuda90-test1,tensorflow-gpu
monk-keras-cuda90-test,tensorflow-gpu
bert-multitask-server,tensorflow-gpu
monk-cuda90,tensorflow-gpu
monk-cuda92-test,tensorflow-gpu
miscnn,tensorflow-gpu
bert-multitask-learning,tensorflow-gpu
face-detector,tensorflow-gpu
tensorflow-graphics-gpu,tensorflow-gpu
Simba-UW-tf,tensorflow-gpu
noah-vega,tensorflow-gpu
malaya-speech-gpu,tensorflow-gpu
tigerseg,tensorflow-gpu
nn-tuning-prednet,tensorflow-gpu
TigerSeg,tensorflow-gpu
SubBrainSegment,tensorflow-gpu
miscnn-TF-1.14,tensorflow-gpu
lungs,tensorflow-gpu
duyai,tensorflow-gpu
Simba-UW-tf-dev,tensorflow-gpu
chatbot-nlu,tensorflow-gpu
NLP-LIB,tensorflow-gpu
document-classifier,tensorflow-gpu
drl-model,tensorflow-gpu
snare-ml,tensorflow-gpu
kmeanstf,tensorflow-gpu
nn-analysis-prednet,tensorflow-gpu
pero-ocr,tensorflow-gpu
n2dit,tensorflow-gpu
tfpyth,tensorflow-gpu
kuti,tensorflow-gpu
impartial-text-cls,tensorflow-gpu
ocrd-anybaseocr,tensorflow-gpu
bert4tf,tensorflow-gpu
kut,tensorflow-gpu
rasa-nlu-gao,tensorflow-gpu
naszilla,tensorflow-gpu
eynollah,tensorflow-gpu
perceptilabs-nightly,tensorflow-gpu
poeem,tensorflow-gpu
pl-nightly,tensorflow-gpu
ml4a,tensorflow-gpu
monasca-predictor,tensorflow-gpu
ocrd-cor-asv-ann,tensorflow-gpu
sbb-binarization,tensorflow-gpu
perceptilabs,tensorflow-gpu
autodl-gpu,tensorflow-gpu
vcap,tensorflow-gpu
auDeep,tensorflow-gpu
DeepSpectrum,tensorflow-gpu
attention-tensorflow-mesh,tensorflow-gpu
scArches,tensorflow-gpu
waymo-open-dataset-tf-1-15-0,tensorflow-gpu
PyCLUE,tensorflow-gpu
email-try3-classification,tensorflow-gpu
superMatch,tensorflow-gpu
classitransformers,tensorflow-gpu
email-text-classification,tensorflow-gpu
email-text-classify,tensorflow-gpu
projectowl,tensorflow-gpu
classification-text-email,tensorflow-gpu
email-txt-classification,tensorflow-gpu
email-try2-classification,tensorflow-gpu
StrawberryFields-gpu,tensorflow-gpu
deepmodels,tensorflow-gpu
aixm-gpu,tensorflow-gpu
xidi-ai,tensorflow-gpu
fibber,tensorflow-gpu
waymo-open-dataset-tf-2-0-0,tensorflow-gpu
epyseg,tensorflow-gpu
bert-qa,tensorflow-gpu
poisson-CNN,tensorflow-gpu
rlzoo,tensorflow-gpu
tensorflow-addons,tensorflow-gpu
monk-keras-cuda102,tensorflow-gpu
monk-keras-cuda100,tensorflow-gpu
ml-playground-attention,tensorflow-gpu
ganify,tensorflow-gpu
monk-keras-cuda100-test,tensorflow-gpu
azureml-designer-recommender-modules,tensorflow-gpu
monk-cuda102,tensorflow-gpu
bert2tf,tensorflow-gpu
monk-cuda101-test,tensorflow-gpu
tfdlpack-gpu,tensorflow-gpu
roxyai-inspect,tensorflow-gpu
waymo-open-dataset-tf-2-1-0,tensorflow-gpu
monk-cuda100,tensorflow-gpu
monk-cuda100-test,tensorflow-gpu
Bert2TF,tensorflow-gpu
monk-keras-cuda102-test,tensorflow-gpu
gravityspy,tensorflow-gpu
mlreflect,tensorflow-gpu
maupassant,tensorflow-gpu
TensorFlowTTS,tensorflow-gpu
frsystem,tensorflow-gpu
mpunet,tensorflow-gpu
DataProfiler,tensorflow-gpu
ctrzoo,tensorflow-gpu
waymo-open-dataset-tf-2-2-0,tensorflow-gpu
TensorflowTTS,tensorflow-gpu
subtitle-sync,tensorflow-gpu
kerasAC,tensorflow-gpu
tuhlbox,tensorflow-gpu
nucleaizer-backend,tensorflow-gpu
libra,tensorflow-gpu
waymo-open-dataset-tf-2-3-0,tensorflow-gpu
infery-gpu,tensorflow-gpu
resuber,tensorflow-gpu
crystal4D,tensorflow-gpu
waymo-open-dataset-tf-2-4-0,tensorflow-gpu
TFTrainer,tensorflow-gpu
dmae-gpu,tensorflow-gpu
simplified-keras,tensorflow-gpu
tensorflow-recommenders-addons-gpu,tensorflow-gpu
regmetrics,tensorflow-gpu
viasegura,tensorflow-gpu
regressionmetrics,tensorflow-gpu
iqradre,tensorflow-gpu
datascienv,tensorflow-gpu
tnk,tensorflow-gpu
all-packages,125softNLP
srm-helper,DecoID
seisloc,EQTransformer
cuhk-seis,EQTransformer
guacamol,FCD
IBATS-DI-Trader,IBATS-Common
IBATS-BitMex-Feeder,IBATS-Common
IBATS-Huobi-Feeder,IBATS-Common
IBATS-Huobi-Trader,IBATS-Common
mlprimitives,Keras
lauetoolsnn,Keras
n2d,Keras
greenguard,Keras
keras-eval,Keras
PLANBERT,Keras
panoptes-he,Keras
musicalrobot,Keras
py-agender,Keras
gordo-components,Keras
keras-trainer,Keras
reorientexpress,Keras
langml,Keras
miscnn,Keras
spacy-combo,Keras
SubBrainSegment,Keras
pyhumour,Keras
xDNN-classifier,Keras
anomaly-detection-models,Keras
mly,Keras
stellargraph,Keras
model-converters,Keras
bella-tdsa,Keras
keras-model-specs,Keras
kashgari,Keras
pynorm,Keras
nomeroff-net-gpu,Keras
flask-image-search,Keras
mrainet,Keras
pyCeterisParibus,Keras
nwae,Keras
nomeroff-net-test,Keras
GML,Keras
propythia,Keras
pyleafarea,Keras
rasa-core,Keras
lemay-ai-sidecar,Keras
anago,Keras
picasso-viz,Keras
sizif,Keras
nomeroff-net,Keras
gemben,Keras
keras-metrics,Keras
neurol,Keras
keras-pyramid-pooling-module,Keras
lidtk,Keras
mcfly,Keras
anomaly-detection-framework,Keras
greenotyper,Keras
poreplex,Keras
proviso,Keras
adversarial-robustness-toolbox,Keras
seqeval,Keras
GhalatML,Keras
simphony,Keras
imageatm,Keras
seqtag-keras,Keras
mhcflurry,Keras
libtlda,Keras
hforl,Keras
keras-mri,Keras
dltkai,Keras
keras-hist-graph,Keras
dlf-nova-play-my-own-music,Keras
ethnicolr,Keras
CAD-Recognition,Keras
cde,Keras
keras-tqdm,Keras
dynamicgem,Keras
image-keras,Keras
qrmine,Keras
keras-bucket-tensorboard-callback,Keras
anago-py367,Keras
imagegengan,Keras
russtress,Keras
numeraicb,Keras
keras-adversarial,Keras
lpdr,Keras
WHU-ScoreChecker,Keras
altena,Keras
mlblocks,Keras
nlp-xiaojiang,Keras
armcor,Keras
gravityspy,Keras
processdigit,Keras
roby,Keras
misic-napari-plugin,MiSiC
murre,OpenNMT-tf
Potofox,Potosnail
gdslib,SiPANN
EasyTTS,TensorFlowTTS
tfaip,adabelief-tf
autovul,adversarial-robustness-toolbox
deepcheck,adversarial-robustness-toolbox
coolstuff,adversarial-robustness-toolbox
ailabdc-client,ailabtools
aitk,aitk.networks
expybox,alibi
monitaur,alibi
machine-learning-datasets,alibi
explain-spike,alibi
spike-explainability,alibi
mlserver-alibi-detect,alibi-detect
flowi,alibi-detect
antinex-core,antinex-utils
asreview-wordcloud,asreview
asreview-visualization,asreview
asreview-statistics,asreview
asreview-hyperopt,asreview
neurocat,alibi
fancy-nlp,anago
kmex,alibi-detect
asreview-covid19,asreview
JarvisAI,auto-face-recognition
fathom-lib,autokeras
blobcity,autokeras
igel,autokeras
azureml-contrib-automl-dnn-forecasting,azureml-automl-core
azureml-contrib-automl-dnn-forecasting,azureml-train-automl
castordashboard,barbell2
autosegl3,barbell2
hpb-mumc-dashboard,barbell2
playground,baselines
diffxpy,batchglm
bavard-nlu,bavard-ml-common
cutcut,bert-for-tf2
tf-tagger,bert-for-tf2
tf-text-model,bert-for-tf2
katme,alibi-detect
mlbazaar,autobazaar
markovflow,banded-matrices
classification-text-email,bert-for-tf2
twitter-nlp-toolkit,bert-for-tf2
polaris-ml,betsi-ml
buzzword,buzz
canaro,caer
nashi-ocr,calamari-ocr
ocrd-calamari,calamari-ocr
ocrd-cis,calamari-ocr
deepspace,deephyper
anipose,deeplabcut
freemocap,deeplabcut
Python-video-annotator-module-deeplab,deeplabcut
toxopy,deeplabcut
deeplabcut-live-gui,deeplabcut-live
let-me-answer-for-you,deeppavlov
omniscient,deeppavlov
cooka,deeptables
sem-reject,deliverable-model
seq2annotation,deliverable-model
mtnlpmodel,deliverable-model
mtnlp-model,deliverable-model
dffml-model-tensorflow-hub,dffml-model-tensorflow
autotime,dnntime
car-speed-detection,car-speed-detection
iglovikov-helper-functions,catalyst
dnn-cool,catalyst
JustCause,causalml
cellfinder-napari,cellfinder-core
cellfinder,cellfinder-core
chatchecker,chatspace
chemeco,chemml
chia-tools,chia
brax,clu
coach-cli,coach-ml
coopgraph,cooptools
coopgame,cooptools
holmes-extractor,coreferee
librec-auto,cornac
crossedwires,cross-framework-hpo
pypolarity,cut-sent-thai
lfr,dafd
deepacvir,deepac
deepacstrain,deepac
deepaclive,deepac
pynets,deepbrain
mlmodels,deepctr
mlsquare,deepctr
deepctr-torch,deepctr
frequency,deepcut
BoydCut,deepcut
frequencyWord,deepcut
metahuman,deepface
privyfilter,deepface
metahuman-0.1,deepface
email-txt-classification,bert-for-tf2
email-text-classify,bert-for-tf2
treform,chatspace
dnnf,dnnv
gyptis,dolfin-adjoint
animalai-train,dopamine-rl
tensor2tensor,dopamine-rl
magenta,dopamine-rl
recsim,dopamine-rl
tensor2tensorManuel,dopamine-rl
easierai-trainer-library,easierai-common-functions
smurfs,eleanor-mamu
digipathos,entity-embeddings-categorical
DedupliPy,fancyimpute
dsbox-datacleaning,fancyimpute
datacleanbot,fancyimpute
gmql,fancyimpute
paso,fancyimpute
roboidai,fer
VideoChatBot,fer
pypdf-lib,file-io
tfdsio,file-io
my-test-pkg-tnfru,focal-loss
foundry-ml-cli,foundry-ml
fsds,fsds-100719
pororo,g2p-en
TensorFlowTTS,g2p-en
pyfoal,g2p-en
paddle-parakeet,g2p-en
espnet,g2p-en
espnet-tts-frontend,g2p-en
MorshuTalk,g2p-en
gdmix-workflow,gdmix-trainer
tsipy,gpflow
mogptk,gpflow
tpml,gpflow
pygpso,gpflow
ardiss,gpflow
BranchedGP,gpflow
markovflow,gpflow
gpflux,gpflow
trieste,gpflow
sm-trieste,gpflow
trieste,gpflux
graphadv,graphgallery
fluffy-server,guesslang
hypermemory,hyperactive
hyperplotlib,hyperactive
meta-optimize,hyperactive
deeptables,hypernets
hypergbm,hypernets
idtrackerai-app,idtrackerai
cloverwallpaper,imagededup
autotoloka,imagededup
dedup-img,imagededup
sem-reject,ioflow
seq2annotation,ioflow
mtnlpmodel,ioflow
mtnlp-model,ioflow
keras-eval,keras-model-specs
keras-trainer,keras-model-specs
model-converters,keras-model-specs
tensorflow-serving-client,keras-model-specs
DXC-RL,keras-rl2
ADLStream,keras-tcn
astrorapid,keras-tcn
iva-classification-demo,iva-applications
ivystar,ivystar
deeplookup,keract
lmu,keras-lmu
deeplookup,keras-rl2
das,keras-tuner
fathom-lib,keras-tuner
kagemeka,keras-tuner
MLAC,keras-tuner
tensorflow-cloud,keras-tuner
auto-ml-cl,keras-tuner
libra,keras-tuner
tensorflow-enterprise-addons,keras-tuner
tfx,keras-tuner
waseda-tfx,keras-tuner
wyl-tfx,keras-tuner
yulong-tfx,keras-tuner
wyljpn-tfx,keras-tuner
kgcnn,keras-tuner
kerastuner-tensorboard-logger,keras-tuner
rflow-tfx,keras-tuner
sonusai,keras2onnx
onnxmltools,keras2onnx
layer-sdk,layer-client
tensorview,linora
aebo,lobe
cadl,magenta
polymuse,magenta
polymuse-future,magenta
marcelle,keras2onnx
papyrus-ai,libra
polymuse-future,magenta-gpu
hawking,malaya
seacorenlp,malaya
mathy-alpha-sm,mathy
mcqa-utils,mc-transformers
ganslate,memcnn
iunets,memcnn
tensor2tensor,mesh-tensorflow
tensor2tensorManuel,mesh-tensorflow
attention-tensorflow-mesh,mesh-tensorflow
neoepiscope,mhcflurry
pvactools,mhcflurry
cressp,mhcflurry
neoepiscope,mhcnuggets
pvactools,mhcnuggets
misic-napari-plugin,misic
piex,mit-d3m
mlbazaar,mit-d3m
env-wrappers,ml-logger
playground,ml-logger
graph-search,ml-logger
cde,ml-logger
levatas-alira,ml-metadata
mlmd-dataset-management,ml-metadata
alira,ml-metadata
tfx,ml-metadata
model-card-toolkit,ml-metadata
kubeflow-kale,ml-metadata
gym-unity,mlagents
animalai-train,mlagents
pl-nightly,mlagents
perceptilabs-gpu,mlagents
perceptilabs,mlagents
PyTransdec,mlagents
linkkt-e2e-handlers,mlfinlab
link-jam-handle,mlfinlab
linkkt-end,mlfinlab
mlbazaar,mlprimitives
mlblocks,mlprimitives
autobazaar,mlprimitives
piex,mlprimitives
orion-ml,mlprimitives
auto-orion,mlprimitives
datatracer,mlprimitives
greenguard,mlprimitives
ms2query,ms2deepscore
sem-reject,mtnlpmodel
synesthesia-uf,musicnn
segmentation-pipeline,musket-core
musket-text,musket-core
classification-pipeline,musket-core
musket-ml,musket-core
OutbreakPAD,neupy
GenericNeuralAssistant,neuralintents
seq2annotation,nlp-utils
ioflow,nlp-utils
anomalous,nlpia
nmrgnn,nmrgnn-data
notedata,notedrive
notefight,notedrive
noteplay,notedrive
napari-nucleaizer,nucleaizer-backend
ai2table,nyoka
ml2xl,nyoka
ai2xl,nyoka
ocrd-pc-segmentation,ocr4all-pixel-classifier
ocr4all-pixel-classifier-frontend,ocr4all-pixel-classifier
aicmder,onnx-tf
payment-text-parser,payment-text-parser
madflow,pdfflow
fonduer,pdftotree
pdf,pdftotree
tensorwaves,phasespace
pydiscotool-cli,pydiscotools
TextLab,pymltoolkit
TextAnalyticsLab,pymltoolkit
pyronn,pyronn-layers
qfast-uq,qfast
qilimanjaroq-server,qibo
qf-diamond-norm,quantumflow
rasa-contrib,rasa
rasa-ext-plugin,rasa
robo-bot,rasa
pyspace-toolkit,rasa
coco-rasa,rasa
rasa-nlu-gao,rasa
roboai-cli,rasa
rasa-denerator,rasa
rasam,rasa
rasa-alice,rasa
rukip,rasa
mit-d3m,mlprimitives
cardea,mlprimitives
alfabet,nfp
nlp-dict,nlp-utils
brainseg,niftiprocessing
sisua,odin-ai
backtraderbd,proviso
python-mltk,pymltoolkit
snowpy,pymltoolkit
experimaestro-ir,pyserini
rasa-cli-completion,rasa
qfast-sc,qfast
pre-assistant,rasa
rasa-chinese,rasa
neuralspace,rasa
sani-nlu,rasa
vma-nlu,rasa
rasa-extractors,rasa
rasa-dialogflow-interpreter,rasa-core
rasahub-rasa,rasa-core
rasa,rasa-core
rasa-chinese-plugin,rasa-core
pre-assistant,rasafou
pynipt-plugin-uncch-core,rbm
tf-plan,rddl2tf
tfrddlsim,rddl2tf
rddlgym,rddl2tf
tf-plan,rddlgym
rddl2tf,rddlgym
deepface,retina-face
metahuman,retina-face
ru-accent-poet,russtress
bam-intp,saliency
bim,saliency
stVAE,scgen
deeptrain,see-rnn
sem-reject,seq2annotation
rasa-contrib,seq2annotation
mtnlpmodel,seq2annotation
deliverable-model,seq2annotation
mtnlp-model,seq2annotation
tf-mdp,rddlgym
tfrddlsim,rddlgym
yonlu,seqeval
pyabsa,seqeval
simpletransformers,seqeval
sikufenci,seqeval
treform,seqeval
ohmeow-blurr,seqeval
azureml-automl-dnn-nlp,seqeval
transquest,seqeval
keras-crf,seqeval
transformers-keras,seqeval
explainaboard,seqeval
DeBERTa,seqeval
fast-bert,seqeval
paddlenlp,seqeval
neraug,seqeval
underthesea,seqeval
daluke,seqeval
tf-models-official,seqeval
PyABSA,seqeval
kagemeka,seqeval
claf,seqeval
kashgari,seqeval
poros,seqeval
deepoffense,seqeval
nlp-basictasks,seqeval
farm,seqeval
eaas,seqeval
langml,seqeval
x-tagger,seqeval
nmatheg,seqeval
interpret-eval,seqeval
arkab,seqeval
mudes,seqeval
musket-text,seqeval
dltkdl,seqeval
nlp-architect,seqeval
delta-nlp,seqeval
anago,seqeval
scArchest,sfaira
resnet-models,signal-transformation
nanomethphase,snvoter
sonnia,sonia
auger.ai.predict,spacy-universal-sentence-encoder
menten-gcn,spektral
bark-ml,spektral
omnizart,spleeter
resuber,spleeter
gym-collision-avoidance,stable-baselines
DynEnv,stable-baselines
nappo,stable-baselines
gym-jiminy,stable-baselines
nlp-nn,seqeval
anago-py367,seqeval
DLTKDL,seqeval
devbio-napari,stardist-napari
stonkgs,stellargraph
inductiveGRL,stellargraph
simpletransformers,streamlit
pymedphys,streamlit
grants-tagger,streamlit
NaMAZU,streamlit
pandaslearn,streamlit
appzoo,streamlit
zangorth-ramsey,streamlit
sugartime,streamlit
streamlit-analytics,streamlit
hyperactive,streamlit
ms2query,streamlit
allennlp-datalawyer,streamlit
optimization-dashboard,streamlit
acv-exp,streamlit
dashes,streamlit
dashes3,streamlit
dashes2,streamlit
zangorth-helpers,streamlit
msexpert,streamlit
fancylit,streamlit
streambook,streamlit
memery,streamlit
zangorth-streamlit,streamlit
front,streamlit
guang,streamlit
abstcal,streamlit
netspeedmonitor,streamlit
neuronunitopt,streamlit
PALS-pathway,streamlit
streamlit-pydantic,streamlit
helloworldrm,streamlit
DockerENT,streamlit
ersilia,streamlit
tf-semantic-segmentation,streamlit
pydemic-ui,streamlit
raylab,streamlit
sysxtract,streamlit
gplot,streamlit
dieterpy,streamlit
opyrator,streamlit
ml-idm,streamlit
retinaface-pytorch,streamlit
emailme,streamlit
aif360,tempeh
bert-multitask-learning,tensor2tensor
magenta,tensor2tensor
trax,tensor2tensor
ukuxhumana,tensor2tensor
description2process,tensor2tensor
genie-parser,tensor2tensor
nebulae,tensorflow-addons
keras-cv-attention-models,tensorflow-addons
zfit,tensorflow-addons
nnabla-converter,tensorflow-addons
kagemeka,tensorflow-addons
tfaip,tensorflow-addons
deep-kolibri,tensorflow-addons
kgcnn,tensorflow-addons
keras-crf,tensorflow-addons
xiRT,tensorflow-addons
taug,tensorflow-addons
deeptrack,tensorflow-addons
ddsp,tensorflow-addons
poros,tensorflow-addons
chitra,tensorflow-addons
tf-hourglass-networks,tensorflow-addons
tf-models-official,tensorflow-addons
tfbert,tensorflow-addons
vit-keras,tensorflow-addons
utranslate,tensorflow-addons
keras-tcn,tensorflow-addons
protein-bert,tensorflow-addons
langma,tensorflow-addons
ganondorf,tensorflow-addons
FQCS,tensorflow-addons
inn,tensorflow-addons
bert-multitask-learning,tensorflow-addons
atlalign,tensorflow-addons
DeepNN,tensorflow-addons
tf-semantic-segmentation,tensorflow-addons
onnx-tf,tensorflow-addons
OpenNMT-tf,tensorflow-addons
tfnlu,tensorflow-addons
tensor2tensor,tensorflow-addons
extract-sfm,tensorflow-addons
dienen,tensorflow-addons
adabelief-tf,tensorflow-addons
tf-yolov4,tensorflow-addons
delta-nlp,tensorflow-addons
tuning,tensorflow-addons
kayra,tensorflow-addons
gans2,tensorflow-addons
rasa,tensorflow-addons
tensorflow-federated,tensorflow-addons
ultrayolo,tensorflow-addons
deepflash2,tensorflow-addons
tfaug,tensorflow-addons
convoxxx,tensorflow-addons
convo5,tensorflow-addons
convo6,tensorflow-addons
convo7,tensorflow-addons
rflow-tfx,tensorflow-cloud
tfx,tensorflow-cloud
waseda-tfx,tensorflow-cloud
wyl-tfx,tensorflow-cloud
yulong-tfx,tensorflow-cloud
wyljpn-tfx,tensorflow-cloud
tfx,tensorflow-data-validation
model-card-toolkit,tensorflow-data-validation
fairness-indicators,tensorflow-data-validation
waseda-tfx,tensorflow-data-validation
fedjax,tensorflow-federated
ganondorf,tensorflow-federated
tensorflow-mri,tensorflow-graphics
kagemeka,tensorflow-io
tensorflow-mri,tensorflow-io
prognosais,tensorflow-io
tf-fastmri-data,tensorflow-io
TensorFlowASR,tensorflow-io
fintix-modelcurator,tensorflow-io
model-card,tensorflow-data-validation
rflow-tfx,tensorflow-data-validation
wyl-tfx,tensorflow-data-validation
yulong-tfx,tensorflow-data-validation
wyljpn-tfx,tensorflow-data-validation
ganpy,tensorflow-federated
fedlearner,tensorflow-io
tensorflow-model-remediation,tensorflow-model-analysis
fairness-indicators,tensorflow-model-analysis
tensorboard-plugin-fairness-indicators,tensorflow-model-analysis
model-card-toolkit,tensorflow-model-analysis
tfx,tensorflow-model-analysis
model-card,tensorflow-model-analysis
waseda-tfx,tensorflow-model-analysis
wyl-tfx,tensorflow-model-analysis
rflow-tfx,tensorflow-model-analysis
tensorflow-mri,tensorflow-nufft
tensorflow-mri,tensorflow-probability
scCODA,tensorflow-probability
nebulae,tensorflow-probability
phasespace,tensorflow-probability
deepof,tensorflow-probability
aidatafactory,tensorflow-probability
nsc,tensorflow-probability
numpyro-ncx2,tensorflow-probability
tensordiffeq,tensorflow-probability
tensorflow-wavelets,tensorflow-probability
recsim-ng,tensorflow-probability
rl-toolkit,tensorflow-probability
scivae,tensorflow-probability
topicpy,tensorflow-probability
ddsp,tensorflow-probability
deephyper,tensorflow-probability
mathy,tensorflow-probability
not-tf-opt,tensorflow-probability
antspynet,tensorflow-probability
scrinet,tensorflow-probability
psiz,tensorflow-probability
magenta,tensorflow-probability
augmix-tf,tensorflow-probability
tensor2tensor,tensorflow-probability
b4tf,tensorflow-probability
ismlldataset,tensorflow-probability
BPrune,tensorflow-probability
dienen,tensorflow-probability
cleverhans,tensorflow-probability
deepbayes,tensorflow-probability
tfmpc,tensorflow-probability
twodlearn,tensorflow-probability
ESEm,tensorflow-probability
poisson-CNN,tensorflow-probability
ml-ocean-bl,tensorflow-probability
kfac,tensorflow-probability
batchglm,tensorflow-probability
spnflow,tensorflow-probability
zfit,tensorflow-probability
dvm,tensorflow-probability
reaver,tensorflow-probability
tensor2tensorManuel,tensorflow-probability
rosey-keras,tensorflow-probability
capreolus,tensorflow-ranking
loganary-ranking,tensorflow-ranking
loganary-ranking,tensorflow-serving-api
frapi,tensorflow-serving-api
data-class-detection,tensorflow-serving-api
commented-out-code,tensorflow-serving-api
spectrogram-to-audio,tensorflow-io
yulong-tfx,tensorflow-model-analysis
wyljpn-tfx,tensorflow-model-analysis
disentanglement-lib,tensorflow-probability
bpnet-lite,tensorflow-probability
racket,tensorflow-serving-api
nudeclient,tensorflow-serving-api
witwidget,tensorflow-serving-api
tfx-bsl,tensorflow-serving-api
rflow-tfx,tensorflow-serving-api
tfx,tensorflow-serving-api
waseda-tfx,tensorflow-serving-api
wyljpn-tfx,tensorflow-serving-api
gabrieltool,tensorflow-serving-api
deliverable-model,tensorflow-serving-api
tensorflow-ranking,tensorflow-serving-api
wyl-tfx,tensorflow-serving-api
yulong-tfx,tensorflow-serving-api
ml4ir,tensorflow-serving-api
witwidget-gpu,tensorflow-serving-api-gpu
ivystar,tensorflow-serving-client
t5,tensorflow-text
beir,tensorflow-text
trax,tensorflow-text
conversational-sentence-encoder,tensorflow-text
seqio,tensorflow-text
deep-autoviml,tensorflow-text
kagemeka,tensorflow-text
top2vec,tensorflow-text
renn,tensorflow-text
malaya,tensorflow-text
malaya-gpu,tensorflow-text
tensorflow-deploy-utils,tensorflow-text
Fern2,tensorflow-text
ml4ir,tensorflow-text
maupassant,tensorflow-text
sknlp,tensorflow-text
abdelrahman-obfuscate,tensorflow-text
rasa,tensorflow-text
abdoconvo,tensorflow-text
convo-nlu,tensorflow-text
abdo-obfuscate,tensorflow-text
minapipe,tensorflow-text
abdo,tensorflow-text
convo-new-version-abdo,tensorflow-text
TensorFlowASR,tensorflow-text
convo-nlu2,tensorflow-text
convo-latest,tensorflow-text
convo-NLU2,tensorflow-text
credentialdigger,tensorflow-text
ringkasan,tensorflow-text
auto-tensorflow,tensorflow-text
tf-models-official,tensorflow-text
model-converters,tensorflow-serving-client
tfextras,tensorflow-tensorboard
jupyter-tensorboard,tensorflow-tensorboard
projectowl,tensorflow-tensorboard
tf-plan,tensorflow-tensorboard
tfrddlsim,tensorflow-tensorboard
spacy-universal-sentence-encoder,tensorflow-text
whatlies,tensorflow-text
minapip1,tensorflow-text
convo-engine,tensorflow-text
obfuscated-convo-new-version-abdo,tensorflow-text
convo-tt,tensorflow-text
convo-nl2,tensorflow-text
minapipe1,tensorflow-text
convo-nlu-v2,tensorflow-text
convo-n2,tensorflow-text
tensorflow-cloud,tensorflow-transform
tfrecorder,tensorflow-transform
tensorflow-data-validation,tensorflow-transform
tensorflow-model-analysis,tensorflow-transform
tfx,tensorflow-transform
waseda-tfx,tensorflow-transform
wyl-tfx,tensorflow-transform
yulong-tfx,tensorflow-transform
ddsp,tensorflowjs
perfect-information-game,tensorflowjs
libra,tensorflowjs
marcelle,tensorflowjs
lukai,tensorflowjs
wyljpn-tfx,tensorflow-transform
tensorspacejs,tensorflowjs
tfjs-graph-converter,tensorflowjs
rflow-tfx,tensorflow-transform
RackioAI,tensorflow-transform
deeparch,tensorflowjs
tflite-model-maker,tensorflowjs
tensorflow-model-analysis,tensorflowjs
lambeq,tensornetwork
tensorcircuit,tensornetwork
textflint,textattack
fibber,textattack
sem-reject,tf-attention-layer
seq2annotation,tf-attention-layer
mtnlpmodel,tf-attention-layer
mtnlp-model,tf-attention-layer
sem-reject,tf-crf-layer
seq2annotation,tf-crf-layer
mtnlpmodel,tf-crf-layer
mtnlp-model,tf-crf-layer
tf-x-transformers,tf-fast-api
chitra,tf-keras-vis
credentialdigger,tf-models-official
bert-text-summarizer,tf-models-official
picsellia-tf2,tf-models-official
sknlp,tf-models-official
easy-tensorflow-object-detection-api,tf-models-official
tf2-tensorflow-object-detection-api,tf-models-official
bavard-nlu,tf-models-official
bavard,tf-models-official
kagemeka,tf-models-official
uncertainty-baselines,tf-models-official
tensorflow-ranking,tf-models-official
ivystar,tf-models-official
mathy,tf-siren
ioflow,tf-summary-reader
poros,tf2crf
urduhack,tf2crf
calamari-ocr,tfaip
tf-fastmri-data,tfkbnufft
zh-rasa,tfnlu
tf-mdp,tfrddlsim
salure-tfx-extensions,tfx
auto-tensorflow,tfx
tensorflow-model-analysis,tfx-bsl
tensorflow-data-validation,tfx-bsl
tfx,tfx-bsl
tensorflow-transform,tfx-bsl
rflow-tfx,tfx-bsl
waseda-tfx,tfx-bsl
wyl-tfx,tfx-bsl
MicroTokenizer,tokenizer-tools
sem-reject,tokenizer-tools
seq2annotation,tokenizer-tools
ioflow,tokenizer-tools
tf-crf-layer,tokenizer-tools
mtnlpmodel,tokenizer-tools
corpusflow,tokenizer-tools
paddle-tokenizer,tokenizer-tools
tf-attention-layer,tokenizer-tools
mtnlp-model,tokenizer-tools
tf-plan,tfrddlsim
tensorflow-auto,tfx
yulong-tfx,tfx-bsl
wyljpn-tfx,tfx-bsl
torchlite,torchlite
ezLncPred,transferflow
deepse,transformers-keras
yonlu,treform
board-game-recommender,turicreate
indo-arabic-transliteration,urduhack
tweetynet,vak
vak-test-net,vak
vcap-utils,vcap
ldt,vecto
madflow,vegasflow
hub,waymo-open-dataset
lingvo,waymo-open-dataset-2-0-0
lingvo,waymo-open-dataset-tf-2-0-0
lingvo,waymo-open-dataset-tf-2-1-0
lingvo,waymo-open-dataset-tf-2-2-0
lingvo,waymo-open-dataset-tf-2-3-0
wf-smcmodel-localize,wf-smcmodel
wf-process-ble-data,wf-smcmodel-localize
fairness-indicators,witwidget
auto-tensorflow,witwidget
tensorflow-auto,witwidget
shibumi,zero-play
mzfit,zfit
lauztat,zfit
zfit-physics,zfit
DockerENT,DockerENT
IBATS-BitMex-Trader,IBATS-BitMex-Feeder
IBATS-Huobi-Trader,IBATS-Huobi-Feeder
rasa-contrib,MicroTokenizer
fairmlhealth,aif360
bdrk,aif360
deluca,brax
cellfinder,cellfinder-napari
musket-ml,classification-pipeline
dnnmodels,cleverhans
espnet-model-zoo,espnet
espnet,espnet-tts-frontend
farm-haystack,farm
ailab-lite,fathom-lib
genereg,gmql
espec,guang
syncnote,guang
idtrackerai,idtrackerai-app
people-segmentation,iglovikov-helper-functions
check-orientation,iglovikov-helper-functions
retinaface-pytorch,iglovikov-helper-functions
cloths-segmentation,iglovikov-helper-functions
midv500models,iglovikov-helper-functions
Orange-3-MNE-Widgets,keras-metrics
Orange3-MNE,keras-metrics
categorical-embedder,keras-tqdm
tensor2tensor,kfac
mlbazaar,mlblocks
orion-ml,mlblocks
mlprimitives,mlblocks
cardea,mlblocks
musket-ml,musket-text
auto-query-cluster,nlp-nn
noteblog,notedata
notefight,notedata
machine-learning-datasets,aif360
fairensics,aif360
auto-orion,mlblocks
OpenNIR-XPM,experimaestro-ir
greenguard,mlblocks
mlsquare,onnxmltools
winmltools,onnxmltools
azureml-train-automl,onnxmltools
azureml-train-automl-runtime,onnxmltools
azureml-automl-runtime,onnxmltools
azureml-automl-core,onnxmltools
aimodelshare,onnxmltools
miping,onnxmltools
oracle-ads,onnxmltools
auto-orion,orion-ml
paddlehub,paddlenlp
paddlefsl,paddlenlp
streamlitlearn,pandaslearn
sports-news-collector,pororo
pynipt-plugin-uncch-camri,pynipt-plugin-uncch-core
musket-ml,segmentation-pipeline
t5,seqio
tfdsio,seqio
deepsegment,seqtag-keras
gdslib,simphony
SiPANN,simphony
emepy,simphony
animated-memory,simpletransformers
condolence-models,simpletransformers
datascience-toolkits,simpletransformers
smaberta,simpletransformers
simplexfmr-artifact,simpletransformers
tuhlbox,simpletransformers
happy-learning,simpletransformers
hopstools,simpletransformers
rpunct,simpletransformers
omdenalore,simpletransformers
trax,t5
tfdsio,t5
magenta-gpu,tensor2tensor
vak,tweetynet
seacorenlp,underthesea
ais-wordnet-sim,underthesea
espnet-tts-frontend,underthesea
zangorth-streamlit,zangorth-helpers
tuneflow,streamlit-pydantic
azureml-contrib-automl-dnn-forecasting,azureml-automl-runtime
azureml-train-automl-runtime,azureml-automl-runtime
azureml-train-automl,azureml-automl-runtime
azureml-train-automl,azureml-automl-core
azureml-automl-dnn-nlp,azureml-automl-runtime
azureml-contrib-automl-dnn-vision,azureml-automl-runtime
azureml-automl-dnn-vision,azureml-automl-runtime
azureml-train-automl,azureml-train-automl-runtime
azureml-contrib-automl-dnn-forecasting,azureml-train-automl-runtime
azureml-automl-dnn-vision,azureml-train-automl-runtime
text-gen,deepsegment
lecture-transcriber,deepsegment
espnet,espnet-model-zoo
bpnlp,farm-haystack
paddlex,paddlehub
paddlexrest,paddlex
